actual_kpt,pred_kpt_median,first_mile,rider_wait_baseline,food_wait_baseline,rider_wait_optimized,food_wait_optimized,rider_wait_pessimistic,food_wait_pessimistic
58.0,63.118386862772155,18.0,0.0,40.0,5.118386862772155,0.0,21.287235905446906,0.0
28.0,28.241661555364804,24.8,0.0,3.1999999999999993,0.2416615553648036,0.0,7.026009973706941,0.0
54.0,43.084311758833245,3.6,0.0,50.4,0.0,10.915688241166755,0.9310988074088513,0.0
42.0,33.98099663500839,25.200000000000003,0.0,16.799999999999997,0.0,8.019003364991612,2.084980712991843,0.0
34.0,36.3147701213945,15.6,0.0,18.4,2.3147701213945027,0.0,13.535801197721675,0.0
47.0,36.510115070336994,23.6,0.0,23.4,0.0,10.489884929663006,0.0,0.5959182388519295
34.0,27.164002430713072,20.8,0.0,13.2,0.0,6.835997569286928,1.5115598828911132,0.0
40.0,30.94798220165566,17.6,0.0,22.4,0.0,9.052017798344341,0.07671180156336277,0.0
27.0,30.66018692191964,13.6,0.0,13.4,3.660186921919639,0.0,10.869251261128014,0.0
43.0,36.850257271503246,12.0,0.0,31.0,0.0,6.149742728496754,3.5503930850770544,0.0
45.0,35.968619485422856,16.8,0.0,28.2,0.0,9.031380514577144,0.0,1.1323623762984951
33.0,34.82115149045417,15.6,0.0,17.4,1.8211514904541701,0.0,11.511051032419246,0.0
31.0,34.59978042570409,13.2,0.0,17.8,3.5997804257040897,0.0,12.556918104443163,0.0
31.0,25.57034648454929,20.8,0.0,10.2,0.0,5.42965351545071,1.8118974902214617,0.0
39.0,37.09375835852044,13.2,0.0,25.8,0.0,1.9062416414795607,8.71739265158341,0.0
32.0,37.31509034824943,12.4,0.0,19.6,5.315090348249427,0.0,14.729230062076354,0.0
48.0,35.71373566969377,20.4,0.0,27.6,0.0,12.286264330306231,0.0,3.0582529185946115
49.0,36.46367371892796,7.2,0.0,41.8,0.0,12.536326281072043,0.0,1.0950441530348982
39.0,29.44836072187058,20.8,0.0,18.2,0.0,9.551639278129421,0.7126386216197176,0.0
56.0,52.434642274749315,14.4,0.0,41.6,0.0,3.565357725250685,7.620479690673754,0.0
23.0,27.260030161700712,31.6,8.600000000000001,0.0,8.600000000000001,0.0,10.736515467603859,0.0
39.0,49.31464686225432,13.6,0.0,25.4,10.314646862254321,0.0,22.875244500786344,0.0
33.0,30.563176892123103,12.4,0.0,20.6,0.0,2.436823107876897,6.4054542606586935,0.0
26.0,36.17457016813831,4.0,0.0,22.0,10.17457016813831,0.0,20.576503919955158,0.0
45.0,38.55106327827964,8.8,0.0,36.2,0.0,6.448936721720358,1.7787784845164936,0.0
31.0,36.91176770742486,8.4,0.0,22.6,5.911767707424858,0.0,19.376682927200918,0.0
39.0,34.80827382396115,10.0,0.0,29.0,0.0,4.1917261760388485,3.6170840211105073,0.0
24.0,33.603685529104744,5.2,0.0,18.8,9.603685529104744,0.0,19.09420665637743,0.0
34.0,33.44668715205768,39.6,5.600000000000001,0.0,5.600000000000001,0.0,7.719733674211149,0.0
42.0,34.89013331833749,30.4,0.0,11.600000000000001,0.0,7.10986668166251,0.6748565966703879,0.0
33.0,31.148002746362614,6.800000000000001,0.0,26.2,0.0,1.8519972536373857,4.478649007796079,0.0
42.0,32.37179954627151,25.6,0.0,16.4,0.0,9.628200453728489,0.0,1.6240767583267228
26.0,32.704449299433755,20.4,0.0,5.600000000000001,6.704449299433755,0.0,15.965138734560732,0.0
24.0,30.5053065465386,26.0,2.0,0.0,6.505306546538598,0.0,15.561153317034176,0.0
36.0,28.544111224829702,18.0,0.0,18.0,0.0,7.455888775170298,0.6257686310283574,0.0
28.0,29.895249620285455,8.4,0.0,19.6,1.8952496202854547,0.0,10.094033572264841,0.0
36.0,31.885384751660855,11.2,0.0,24.8,0.0,4.114615248339145,3.1985929583762243,0.0
27.0,25.787753466721295,9.2,0.0,17.8,0.0,1.2122465332787051,7.596849004667014,0.0
41.0,44.641564105704504,16.400000000000002,0.0,24.599999999999998,3.6415641057045036,0.0,16.51052518826772,0.0
69.0,53.73619728151888,16.400000000000002,0.0,52.599999999999994,0.0,15.263802718481116,0.0,2.4297691321250596
37.0,46.94424887251856,3.2,0.0,33.8,9.944248872518557,0.0,21.45971844324061,0.0
31.0,30.676653485135297,19.200000000000003,0.0,11.799999999999997,0.0,0.3233465148647028,8.980719338034731,0.0
23.0,32.362014007389824,18.0,0.0,5.0,9.362014007389824,0.0,18.484495626791407,0.0
43.0,41.273956157215466,13.2,0.0,29.8,0.0,1.7260438427845344,9.332267237345405,0.0
30.0,30.873668693869423,10.8,0.0,19.2,0.8736686938694227,0.0,9.38421625621362,0.0
38.0,29.329035688226877,15.2,0.0,22.8,0.0,8.670964311773123,0.0,2.1032396256763803
31.0,43.29999039689496,32.800000000000004,1.8000000000000043,0.0,12.299990396894962,0.0,23.312961495764696,0.0
32.0,35.44903113874421,8.4,0.0,23.6,3.4490311387442105,0.0,10.998321636622912,0.0
28.0,42.735884545114786,15.2,0.0,12.8,14.735884545114786,0.0,25.09379870996416,0.0
32.0,32.48945655660904,4.800000000000001,0.0,27.2,0.4894565566090421,0.0,8.765524814054729,0.0
25.0,40.1337952051034,8.8,0.0,16.2,15.133795205103397,0.0,25.03111093121383,0.0
44.0,44.9928530356468,24.0,0.0,20.0,0.992853035646803,0.0,14.101758460956098,0.0
35.0,29.066832587662596,13.6,0.0,21.4,0.0,5.933167412337404,1.4139222420500346,0.0
23.0,37.10580631733076,13.6,0.0,9.4,14.10580631733076,0.0,23.104968090913218,0.0
54.0,45.71717879437442,13.2,0.0,40.8,0.0,8.28282120562558,2.273417060360572,0.0
31.0,35.4847270987691,10.0,0.0,21.0,4.484727098769099,0.0,12.510279917828157,0.0
31.0,32.56520296806622,18.0,0.0,13.0,1.5652029680662167,0.0,10.419126199431687,0.0
45.0,42.29233812789462,20.0,0.0,25.0,0.0,2.7076618721053833,8.31577051322072,0.0
33.0,35.91166248495755,24.8,0.0,8.2,2.911662484957553,0.0,13.051269820139602,0.0
40.0,41.35085122161103,30.8,0.0,9.2,1.3508512216110304,0.0,11.395051011002238,0.0
31.0,34.395281330128824,6.0,0.0,25.0,3.3952813301288245,0.0,11.450376367591815,0.0
37.0,41.971194222800875,10.0,0.0,27.0,4.971194222800875,0.0,14.491053821720477,0.0
50.0,39.94144979343023,8.0,0.0,42.0,0.0,10.05855020656977,0.043958551002930335,0.0
50.0,38.479704609591934,14.8,0.0,35.2,0.0,11.520295390408066,0.0,1.799571039470706
38.0,34.67620590770146,16.400000000000002,0.0,21.599999999999998,0.0,3.3237940922985416,5.805979743581467,0.0
25.0,31.13726569712211,18.8,0.0,6.199999999999999,6.1372656971221105,0.0,16.11138674313115,0.0
32.0,35.343454048808724,19.200000000000003,0.0,12.799999999999997,3.3434540488087237,0.0,13.347393724730715,0.0
42.0,47.330657809163725,16.8,0.0,25.2,5.330657809163725,0.0,16.665508538466597,0.0
40.0,32.00261837932516,18.4,0.0,21.6,0.0,7.997381620674837,1.4131324906026492,0.0
44.0,36.51012511991722,18.4,0.0,25.6,0.0,7.48987488008278,1.5653940748014818,0.0
66.0,47.249457417012145,18.4,0.0,47.6,0.0,18.750542582987855,0.0,5.775962209596784
41.0,33.343025718260186,14.4,0.0,26.6,0.0,7.656974281739814,2.1234709656513786,0.0
23.0,29.582674839272208,6.0,0.0,17.0,6.582674839272208,0.0,16.308535547689033,0.0
33.0,34.055715040386154,4.800000000000001,0.0,28.2,1.0557150403861542,0.0,10.283955862467693,0.0
39.0,42.22184384300922,12.4,0.0,26.6,3.221843843009218,0.0,12.077205275239635,0.0
33.0,36.918125848998734,33.6,0.6000000000000014,0.0,3.9181258489987343,0.0,13.209982862726285,0.0
45.0,36.952164651537295,6.4,0.0,38.6,0.0,8.047835348462705,1.7763362463978467,0.0
47.0,41.31824279656462,8.8,0.0,38.2,0.0,5.681757203435382,3.4250745250394345,0.0
43.0,35.74110631547614,7.6,0.0,35.4,0.0,7.258893684523862,2.8667250625567746,0.0
26.0,35.26107029231373,11.6,0.0,14.4,9.261070292313732,0.0,17.60582671625353,0.0
39.0,36.06352855459443,10.8,0.0,28.2,0.0,2.936471445405573,6.146569279187943,0.0
33.0,45.21966464820317,29.6,0.0,3.3999999999999986,12.219664648203171,0.0,21.694058992460917,0.0
35.0,38.25238111446517,10.8,0.0,24.2,3.252381114465173,0.0,12.564850304229225,0.0
30.0,33.05065313301676,6.800000000000001,0.0,23.2,3.050653133016759,0.0,11.00587420559853,0.0
38.0,44.47262902523415,18.0,0.0,20.0,6.4726290252341485,0.0,19.319309486434634,0.0
38.0,42.24117120404168,22.4,0.0,15.600000000000001,4.241171204041677,0.0,14.08841678054872,0.0
23.0,32.6087340654761,13.2,0.0,9.8,9.6087340654761,0.0,19.276441733001626,0.0
38.0,30.26466472486235,11.2,0.0,26.8,0.0,7.7353352751376505,1.1557190427707908,0.0
35.0,40.525644090027455,7.6,0.0,27.4,5.5256440900274555,0.0,15.168027010351132,0.0
37.0,34.85299568329138,22.0,0.0,15.0,0.0,2.1470043167086175,6.60310910158487,0.0
31.0,29.235347732021292,7.2,0.0,23.8,0.0,1.7646522679787076,6.349964243214366,0.0
33.0,35.05833269397943,7.6,0.0,25.4,2.0583326939794304,0.0,12.380911046671393,0.0
42.0,34.93644338435557,8.4,0.0,33.6,0.0,7.06355661564443,1.9227146678817988,0.0
45.0,39.10511433610374,20.0,0.0,25.0,0.0,5.894885663896261,3.9880269566270954,0.0
42.0,49.45109850479461,10.0,0.0,32.0,7.451098504794608,0.0,15.416379842323757,0.0
34.0,33.78480849616305,22.4,0.0,11.600000000000001,0.0,0.21519150383694807,7.601058997116503,0.0
42.0,36.793911395484635,15.6,0.0,26.4,0.0,5.206088604515365,4.385573435253335,0.0
32.0,33.67701943456399,13.6,0.0,18.4,1.677019434563988,0.0,11.287064096846635,0.0
40.0,37.72775116987851,18.0,0.0,22.0,0.0,2.272248830121491,7.975608126157944,0.0
38.0,33.94220930438319,20.0,0.0,18.0,0.0,4.057790695616809,4.400431565183602,0.0
45.0,35.627277921532155,26.0,0.0,19.0,0.0,9.372722078467845,1.9230586094937934,0.0
39.0,41.43123587148843,21.200000000000003,0.0,17.799999999999997,2.4312358714884326,0.0,12.763537166582275,0.0
33.0,36.07531723978221,12.8,0.0,20.2,3.0753172397822084,0.0,12.042376993284208,0.0
21.0,27.43733970798497,20.0,0.0,1.0,6.437339707984972,0.0,13.546908517362297,0.0
32.0,30.52090638405861,18.0,0.0,14.0,0.0,1.479093615941391,5.027887579099463,0.0
66.0,50.476510312422825,19.6,0.0,46.4,0.0,15.523489687577175,0.0,1.8090436036621327
40.0,38.05930416639052,12.0,0.0,28.0,0.0,1.9406958336094817,9.352783503002456,0.0
31.0,29.88373920128815,8.4,0.0,22.6,0.0,1.1162607987118491,6.830009405767122,0.0
22.0,27.349703147743217,12.0,0.0,10.0,5.349703147743217,0.0,13.33938565256156,0.0
21.0,32.73920588635793,19.6,0.0,1.3999999999999986,11.73920588635793,0.0,19.340930950631815,0.0
24.0,39.78240609934277,10.8,0.0,13.2,15.782406099342772,0.0,25.956968126829324,0.0
46.0,45.08499156437493,21.6,0.0,24.4,0.0,0.9150084356250687,10.846421089957815,0.0
49.0,38.38614050123175,12.4,0.0,36.6,0.0,10.61385949876825,0.0,1.28491916422157
25.0,36.03094904794076,8.0,0.0,17.0,11.030949047940759,0.0,20.82996685145305,0.0
40.0,41.491863644322656,14.0,0.0,26.0,1.491863644322656,0.0,11.880062034902345,0.0
55.0,44.97591227265558,13.2,0.0,41.8,0.0,10.024087727344423,0.3668755241157413,0.0
61.0,49.82285121577372,24.4,0.0,36.6,0.0,11.177148784226283,3.4767446061427876,0.0
33.0,40.18370689011894,14.0,0.0,19.0,7.183706890118941,0.0,17.068965410022955,0.0
28.0,28.37516575039321,14.0,0.0,14.0,0.37516575039321154,0.0,8.174165096424744,0.0
38.0,38.066293660012775,9.6,0.0,28.4,0.06629366001277504,0.0,11.064059681717225,0.0
28.0,38.565028045795586,16.0,0.0,12.0,10.565028045795586,0.0,19.84205797222957,0.0
44.0,32.50481841519895,20.4,0.0,23.6,0.0,11.495181584801053,0.0,2.066235713635706
32.0,39.27532458347768,16.8,0.0,15.2,7.275324583477683,0.0,17.19397378374856,0.0
29.0,26.938055090016206,21.200000000000003,0.0,7.799999999999997,0.0,2.0619449099837937,6.1878639867487735,0.0
26.0,27.779472153236487,26.8,0.8000000000000007,0.0,1.7794721532364868,0.0,10.157156109841317,0.0
27.0,31.374434259257733,14.0,0.0,13.0,4.3744342592577325,0.0,12.878364115391143,0.0
38.0,35.316407052708186,13.2,0.0,24.8,0.0,2.683592947291814,6.172016562229487,0.0
45.0,40.08459596226567,11.2,0.0,33.8,0.0,4.9154040377343335,4.673171896199094,0.0
29.0,36.88761659863184,22.8,0.0,6.199999999999999,7.887616598631837,0.0,16.595791905957583,0.0
42.0,38.48349683004173,20.4,0.0,21.6,0.0,3.51650316995827,6.453894418890265,0.0
37.0,43.40788007293883,7.2,0.0,29.8,6.4078800729388306,0.0,16.890711731849343,0.0
38.0,36.3510249076427,14.4,0.0,23.6,0.0,1.648975092357297,7.820605420483012,0.0
33.0,41.00642822337252,8.4,0.0,24.6,8.006428223372517,0.0,17.566341024977305,0.0
50.0,39.53217379146691,23.200000000000003,0.0,26.799999999999997,0.0,10.46782620853309,0.6958383365701835,0.0
38.0,40.12583098989248,10.4,0.0,27.6,2.125830989892478,0.0,12.014336809261657,0.0
41.0,34.31799126731529,8.8,0.0,32.2,0.0,6.682008732684707,5.278818757237872,0.0
34.0,35.11137983697649,13.2,0.0,20.8,1.1113798369764893,0.0,11.343760030364635,0.0
40.0,34.54806188680468,10.8,0.0,29.2,0.0,5.451938113195318,4.258061045099737,0.0
35.0,37.625873506283895,16.400000000000002,0.0,18.599999999999998,2.625873506283895,0.0,11.350809452650857,0.0
43.0,39.851738618924415,13.2,0.0,29.8,0.0,3.148261381075585,6.800113581387876,0.0
22.0,27.69040832266277,15.6,0.0,6.4,5.690408322662769,0.0,13.617132539396842,0.0
35.0,34.21788908194194,10.4,0.0,24.6,0.0,0.7821109180580592,10.034357181926971,0.0
43.0,38.2178981718424,19.200000000000003,0.0,23.799999999999997,0.0,4.7821018281576,4.002127822351113,0.0
31.0,39.41958286595727,23.200000000000003,0.0,7.799999999999997,8.419582865957267,0.0,22.119053109061248,0.0
41.0,33.70235606184285,15.6,0.0,25.4,0.0,7.297643938157151,1.0505457741213249,0.0
35.0,30.510667419427545,19.200000000000003,0.0,15.799999999999997,0.0,4.489332580572455,3.2489002339121313,0.0
59.0,52.153745435585606,12.8,0.0,46.2,0.0,6.846254564414394,4.691656584804221,0.0
26.0,32.23900160524768,10.0,0.0,16.0,6.2390016052476795,0.0,15.487573289222581,0.0
28.0,29.29855873291313,16.8,0.0,11.2,1.2985587329131292,0.0,8.923627859931997,0.0
31.0,35.492313134273964,17.2,0.0,13.8,4.492313134273964,0.0,13.681508715925403,0.0
25.0,37.30572033617307,11.6,0.0,13.4,12.305720336173067,0.0,23.85282339774779,0.0
44.0,39.582315745713366,14.0,0.0,30.0,0.0,4.417684254286634,4.345980183421446,0.0
43.0,39.47932891774405,18.0,0.0,25.0,0.0,3.5206710822559515,6.2026126077728065,0.0
24.0,28.78798021928838,14.4,0.0,9.6,4.787980219288379,0.0,14.351094829683255,0.0
38.0,38.43615705587286,10.4,0.0,27.6,0.4361570558728616,0.0,10.842317608881757,0.0
39.0,41.75067194644549,17.6,0.0,21.4,2.750671946445493,0.0,7.131860456401192,0.0
38.0,32.54335034856752,11.2,0.0,26.8,0.0,5.456649651432478,3.320353350366581,0.0
45.0,34.99396912098339,16.400000000000002,0.0,28.599999999999998,0.0,10.006030879016613,0.0,2.5906101311998384
43.0,34.72572994810087,4.4,0.0,38.6,0.0,8.27427005189913,1.2972956083023632,0.0
34.0,33.874850204545105,17.2,0.0,16.8,0.0,0.12514979545489524,7.465575784922706,0.0
40.0,33.89320318059188,3.2,0.0,36.8,0.0,6.1067968194081175,2.9763195623722893,0.0
29.0,28.29042011588519,14.8,0.0,14.2,0.0,0.7095798841148095,6.405246748647606,0.0
22.0,32.35241457342386,11.6,0.0,10.4,10.352414573423857,0.0,19.32362045276345,0.0
32.0,34.39302146738131,16.400000000000002,0.0,15.599999999999998,2.3930214673813097,0.0,9.904601522140467,0.0
39.0,34.0616273215745,18.8,0.0,20.2,0.0,4.938372678425502,3.268479562372299,0.0
46.0,34.50191527444491,15.2,0.0,30.8,0.0,11.498084725555088,0.0,1.8268296254793057
39.0,34.79525660722588,9.2,0.0,29.8,0.0,4.20474339277412,6.158038400156428,0.0
21.0,28.589418210741844,17.6,0.0,3.3999999999999986,7.589418210741844,0.0,17.57910157766188,0.0
25.0,43.23141880123384,19.200000000000003,0.0,5.799999999999997,18.231418801233843,0.0,31.0818297739756,0.0
33.0,28.444705110616272,21.200000000000003,0.0,11.799999999999997,0.0,4.5552948893837275,3.606914854808359,0.0
50.0,43.133316358094646,14.0,0.0,36.0,0.0,6.866683641905354,2.5481279798403804,0.0
36.0,45.6392545410494,24.4,0.0,11.600000000000001,9.639254541049397,0.0,21.035184079984816,0.0
35.0,26.7913523909999,8.0,0.0,27.0,0.0,8.2086476090001,0.0,0.30862429370998967
23.0,33.52708219292406,10.0,0.0,13.0,10.527082192924063,0.0,18.571880580453183,0.0
26.0,39.92817172883863,40.0,14.0,0.0,14.0,0.0,23.43540254053955,0.0
23.0,28.638282362405988,16.0,0.0,7.0,5.638282362405988,0.0,13.663814834612872,0.0
39.0,36.91687303149946,19.6,0.0,19.4,0.0,2.0831269685005367,8.900807448351607,0.0
28.0,26.83795567329807,6.800000000000001,0.0,21.2,0.0,1.1620443267019311,6.593756239535942,0.0
55.0,47.49752697299533,7.6,0.0,47.4,0.0,7.502473027004669,4.347187752881723,0.0
34.0,31.999416316313493,9.2,0.0,24.8,0.0,2.000583683686507,7.004865136821557,0.0
47.0,37.84896533626531,8.4,0.0,38.6,0.0,9.151034663734691,0.37278397231860083,0.0
41.0,34.73556699655816,10.4,0.0,30.6,0.0,6.264433003441837,2.8783161396941566,0.0
40.0,36.879370055890874,20.4,0.0,19.6,0.0,3.120629944109126,6.627292758060776,0.0
36.0,38.30597467379423,12.0,0.0,24.0,2.305974673794232,0.0,12.889554384049141,0.0
37.0,36.53815973452963,14.4,0.0,22.6,0.0,0.4618402654703715,10.890455694681165,0.0
38.0,29.247769289463804,8.0,0.0,30.0,0.0,8.752230710536196,0.0,2.419877007470511
25.0,29.46607584080897,19.200000000000003,0.0,5.799999999999997,4.466075840808969,0.0,12.851082378349332,0.0
41.0,35.865124860026356,15.6,0.0,25.4,0.0,5.134875139973644,5.74101824198447,0.0
30.0,35.187351196964826,8.0,0.0,22.0,5.187351196964826,0.0,13.69992530205424,0.0
35.0,31.39218190401396,21.200000000000003,0.0,13.799999999999997,0.0,3.6078180959860404,5.3377769070886885,0.0
45.0,36.1387837181314,16.400000000000002,0.0,28.599999999999998,0.0,8.8612162818686,1.2775039199551514,0.0
45.0,34.12548889447033,12.0,0.0,33.0,0.0,10.87451110552967,0.0,3.4151779779830704
30.0,35.95638300083273,15.6,0.0,14.4,5.95638300083273,0.0,16.007959837842144,0.0
42.0,35.78880022004054,36.0,0.0,6.0,0.0,6.0,3.8903160941670336,0.0
35.0,25.68122670809729,19.6,0.0,15.399999999999999,0.0,9.318773291902708,0.0,2.1881025097785383
42.0,30.55855811331009,14.8,0.0,27.2,0.0,11.441441886689908,0.0,2.356546438111856
20.0,28.449174586813605,9.6,0.0,10.4,8.449174586813605,0.0,16.739534245884137,0.0
23.0,35.12159424630314,34.4,11.399999999999999,0.0,12.12159424630314,0.0,20.473215097468888,0.0
24.0,33.95434694206162,24.4,0.3999999999999986,0.0,9.954346942061619,0.0,19.58819537739791,0.0
42.0,52.66232827742328,17.6,0.0,24.4,10.662328277423278,0.0,23.38720592711313,0.0
42.0,38.0573093822688,7.2,0.0,34.8,0.0,3.942690617731202,4.863962724833691,0.0
20.0,33.54158720337766,14.0,0.0,6.0,13.54158720337766,0.0,22.758440660766958,0.0
38.0,30.26466472486235,18.8,0.0,19.2,0.0,7.7353352751376505,1.3534038576887255,0.0
42.0,47.032429564697345,18.8,0.0,23.2,5.032429564697345,0.0,15.04719013831614,0.0
40.0,29.552205083477904,10.0,0.0,30.0,0.0,10.447794916522096,0.0,3.008922818507706
30.0,30.43408705113835,8.8,0.0,21.2,0.43408705113834856,0.0,9.267839964938723,0.0
33.0,28.905967537211755,5.2,0.0,27.8,0.0,4.094032462788245,4.966163458799699,0.0
53.0,39.29874121967317,23.200000000000003,0.0,29.799999999999997,0.0,13.701258780326832,0.0,4.479248451417803
30.0,38.039501810772265,11.6,0.0,18.4,8.039501810772265,0.0,18.343981192246666,0.0
34.0,32.363322738988636,16.400000000000002,0.0,17.599999999999998,0.0,1.6366772610113642,7.6603178087327635,0.0
31.0,34.65081956293838,9.6,0.0,21.4,3.6508195629383806,0.0,11.343518166811663,0.0
34.0,45.34440995703411,14.4,0.0,19.6,11.34440995703411,0.0,21.47658333479817,0.0
58.0,48.38485626249286,14.8,0.0,43.2,0.0,9.61514373750714,2.7808894124560766,0.0
34.0,28.576124617209,18.0,0.0,16.0,0.0,5.423875382791,2.440738652402267,0.0
36.0,32.70597068384779,13.6,0.0,22.4,0.0,3.294029316152212,4.808518610094211,0.0
42.0,35.80804907798661,8.0,0.0,34.0,0.0,6.19195092201339,1.7478460633962527,0.0
30.0,32.10759998727846,18.4,0.0,11.600000000000001,2.107599987278462,0.0,11.004865136821557,0.0
46.0,37.91436691257914,5.2,0.0,40.8,0.0,8.08563308742086,0.7653347993506614,0.0
34.0,36.4435306708583,11.2,0.0,22.8,2.4435306708583013,0.0,13.635823906465802,0.0
25.0,38.10610898998928,10.4,0.0,14.6,13.10610898998928,0.0,23.804106176047434,0.0
68.0,52.629382785062944,10.4,0.0,57.6,0.0,15.370617214937056,0.0,3.696479596831381
35.0,36.7038092304293,6.800000000000001,0.0,28.2,1.7038092304293002,0.0,10.914582762867283,0.0
36.0,31.436646133709377,16.0,0.0,20.0,0.0,4.563353866290623,4.346080946422397,0.0
49.0,51.83927913772,7.2,0.0,41.8,2.8392791377199984,0.0,14.722170178978104,0.0
45.0,40.320331441159695,30.0,0.0,15.0,0.0,4.679668558840305,5.642011719007819,0.0
30.0,42.173600702492074,6.4,0.0,23.6,12.173600702492074,0.0,21.257870837510055,0.0
19.0,27.364832973111408,9.6,0.0,9.4,8.364832973111412,0.0,18.710610208431255,0.0
33.0,36.09567072230817,14.8,0.0,18.2,3.0956707223081708,0.0,13.054964613636287,0.0
24.0,32.22757211753174,15.2,0.0,8.8,8.227572117531743,0.0,16.485042381279378,0.0
18.0,26.668976848032635,10.4,0.0,7.6,8.668976848032635,0.0,15.56370607848202,0.0
52.0,38.3362747437342,26.4,0.0,25.6,0.0,13.6637252562658,0.0,4.06975218549416
38.0,36.18994419748973,15.6,0.0,22.4,0.0,1.81005580251027,6.329660236554787,0.0
22.0,27.42618875634113,8.0,0.0,14.0,5.42618875634113,0.0,12.502948425051201,0.0
31.0,27.823043983102185,8.8,0.0,22.2,0.0,3.1769560168978153,4.680645188296957,0.0
43.0,38.161882461574685,20.0,0.0,23.0,0.0,4.8381175384253154,5.142586420809728,0.0
18.0,30.212497710398335,24.4,6.399999999999999,0.0,12.212497710398335,0.0,20.444786728081574,0.0
35.0,32.54335034856752,7.6,0.0,27.4,0.0,2.4566496514324783,5.949881481512286,0.0
45.0,36.1729478279287,14.0,0.0,31.0,0.0,8.827052172071298,0.8197585289319491,0.0
48.0,36.178597592678216,11.2,0.0,36.8,0.0,11.821402407321784,0.0,2.720340977970082
29.0,33.09028107213117,13.6,0.0,15.4,4.0902810721311695,0.0,14.317640650057172,0.0
23.0,26.9797640366297,38.8,15.799999999999997,0.0,15.799999999999997,0.0,15.799999999999997,0.0
37.0,38.90533493816302,21.6,0.0,15.399999999999999,1.9053349381630227,0.0,12.34804882132525,0.0
37.0,29.60040132745331,16.400000000000002,0.0,20.599999999999998,0.0,7.399598672546691,0.0,0.5720559363100577
25.0,30.06379378971433,9.2,0.0,15.8,5.063793789714332,0.0,12.81234595363577,0.0
49.0,36.8924553355195,14.8,0.0,34.2,0.0,12.1075446644805,0.0,0.11747992747312708
29.0,36.93301214799961,14.4,0.0,14.6,7.933012147999612,0.0,17.22750472601232,0.0
33.0,29.352327017455064,9.6,0.0,23.4,0.0,3.6476729825449326,2.878875759467441,0.0
43.0,37.23310161620596,7.2,0.0,35.8,0.0,5.766898383794043,4.88282816646138,0.0
33.0,39.312217970951984,6.4,0.0,26.6,6.312217970951984,0.0,17.856570788213098,0.0
36.0,29.225860640696993,13.2,0.0,22.8,0.0,6.774139359303007,1.7663769957120508,0.0
42.0,47.77609478022764,14.0,0.0,28.0,5.776094780227638,0.0,19.68839441545873,0.0
47.0,35.369291364524365,21.200000000000003,0.0,25.799999999999997,0.0,11.630708635475635,0.0,1.0785623605692862
38.0,34.7749204770891,18.0,0.0,20.0,0.0,3.225079522910903,5.223698531773927,0.0
36.0,31.88948028763588,10.4,0.0,25.6,0.0,4.110519712364123,4.789606805450397,0.0
48.0,42.61207657298349,8.4,0.0,39.6,0.0,5.38792342701651,5.19245854263788,0.0
36.0,40.308982080560305,12.4,0.0,23.6,4.308982080560305,0.0,14.650233502813869,0.0
32.0,31.81420347048704,12.0,0.0,20.0,0.0,0.18579652951295955,7.507485539166055,0.0
40.0,41.06659939529097,8.0,0.0,32.0,1.0665993952909716,0.0,10.177294024539357,0.0
47.0,34.82080558178227,18.4,0.0,28.6,0.0,12.179194418217733,0.0,2.6296649000288923
31.0,32.51255306100956,19.200000000000003,0.0,11.799999999999997,1.5125530610095623,0.0,11.2754600294314,0.0
35.0,42.65777851176662,7.6,0.0,27.4,7.657778511766622,0.0,17.452651315041948,0.0
29.0,35.21331120607534,16.8,0.0,12.2,6.213311206075339,0.0,15.151925962459394,0.0
28.0,36.308759351096086,6.800000000000001,0.0,21.2,8.308759351096086,0.0,15.892380227983494,0.0
30.0,34.793256248456444,11.2,0.0,18.8,4.793256248456444,0.0,13.212411315830508,0.0
53.0,41.26899759767976,16.8,0.0,36.2,0.0,11.731002402320243,0.9832874590517378,0.0
41.0,37.264824962950826,20.4,0.0,20.6,0.0,3.7351750370491743,4.754623723561416,0.0
29.0,24.924200774079885,6.4,0.0,22.6,0.0,4.075799225920115,4.900368224528556,0.0
26.0,34.72734977566808,23.6,0.0,2.3999999999999986,8.727349775668081,0.0,17.349255137410708,0.0
47.0,40.95106693494031,9.6,0.0,37.4,0.0,6.048933065059693,3.646149894192,0.0
41.0,32.94154865600227,12.0,0.0,29.0,0.0,8.058451343997731,1.4306027164084654,0.0
47.0,39.45581290374062,13.6,0.0,33.4,0.0,7.544187096259378,2.3229433516109452,0.0
32.0,32.48024797683374,10.8,0.0,21.2,0.48024797683373777,0.0,8.712434923152891,0.0
36.0,38.37728356067846,16.0,0.0,20.0,2.377283560678457,0.0,12.361136240049937,0.0
25.0,31.495847221348015,12.4,0.0,12.6,6.495847221348015,0.0,15.26489765823922,0.0
35.0,36.42642156008672,14.8,0.0,20.2,1.4264215600867232,0.0,9.375136671792902,0.0
31.0,37.30211523174159,23.200000000000003,0.0,7.799999999999997,6.302115231741588,0.0,13.391021314688999,0.0
34.0,37.0172379690508,8.0,0.0,26.0,3.0172379690507967,0.0,12.701002985641857,0.0
34.0,37.93854439913148,15.2,0.0,18.8,3.93854439913148,0.0,13.165076764000318,0.0
26.0,31.32710416311882,12.8,0.0,13.2,5.327104163118818,0.0,14.84942412279051,0.0
44.0,37.63865219462496,14.4,0.0,29.6,0.0,6.36134780537504,3.581226879893329,0.0
35.0,49.04991857077826,10.8,0.0,24.2,14.04991857077826,0.0,20.845574785011266,0.0
31.0,30.567799419226535,9.2,0.0,21.8,0.0,0.4322005807734648,7.20101700268652,0.0
35.0,30.078935453821863,10.4,0.0,24.6,0.0,4.921064546178137,3.593342376997171,0.0
38.0,34.43384541351112,12.0,0.0,26.0,0.0,3.566154586488878,5.868652146936178,0.0
34.0,27.662945094699772,13.2,0.0,20.8,0.0,6.337054905300228,0.5081711982642716,0.0
38.0,47.76956932200006,18.4,0.0,19.6,9.76956932200006,0.0,22.86267457671793,0.0
39.0,51.728686491538085,30.4,0.0,8.600000000000001,12.728686491538085,0.0,27.291269631852487,0.0
41.0,51.78818853197369,9.2,0.0,31.8,10.788188531973688,0.0,23.263816619055717,0.0
37.0,34.77390218431931,26.4,0.0,10.600000000000001,0.0,2.2260978156806885,5.550002641503667,0.0
32.0,31.51373401534989,22.0,0.0,10.0,0.0,0.4862659846501103,8.66483626236429,0.0
65.0,52.13341190342409,29.6,0.0,35.4,0.0,12.86658809657591,0.0,0.29807897251562565
41.0,41.63360994587923,15.2,0.0,25.8,0.633609945879229,0.0,12.00644120224139,0.0
49.0,34.112550334114076,5.2,0.0,43.8,0.0,14.887449665885924,0.0,3.8296749497781377
51.0,39.314469816727424,15.2,0.0,35.8,0.0,11.685530183272576,0.0,0.19577906464486716
32.0,36.68654869317811,11.6,0.0,20.4,4.686548693178111,0.0,14.623298952051691,0.0
47.0,37.38497956269604,9.6,0.0,37.4,0.0,9.615020437303961,0.0,0.8224943106935072
37.0,31.51704939891093,15.2,0.0,21.8,0.0,5.482950601089069,1.54546177837873,0.0
39.0,42.11895296324882,21.6,0.0,17.4,3.118952963248823,0.0,16.778954853545308,0.0
44.0,44.32711411843981,13.2,0.0,30.8,0.327114118439809,0.0,9.99518407280361,0.0
35.0,33.85399662581351,15.6,0.0,19.4,0.0,1.146003374186492,7.174756109992863,0.0
26.0,29.40178083386631,7.2,0.0,18.8,3.4017808338663116,0.0,10.69627150154178,0.0
38.0,33.71034382627466,7.2,0.0,30.8,0.0,4.289656173725341,4.23348727133083,0.0
40.0,34.716664016335045,43.2,3.200000000000003,0.0,3.200000000000003,0.0,3.200000000000003,0.0
23.0,30.909756209101545,15.2,0.0,7.800000000000001,7.909756209101545,0.0,16.6707115475104,0.0
42.0,41.199499187779224,19.200000000000003,0.0,22.799999999999997,0.0,0.8005008122207755,10.58383098618318,0.0
19.0,25.685008349204413,18.4,0.0,0.6000000000000014,6.685008349204413,0.0,13.815929592104794,0.0
45.0,41.82495293774341,28.8,0.0,16.2,0.0,3.1750470622565885,6.181053821720475,0.0
24.0,29.85887495347363,11.2,0.0,12.8,5.858874953473631,0.0,15.882967419703235,0.0
30.0,45.48336579452685,17.6,0.0,12.399999999999999,15.483365794526847,0.0,24.86611512679559,0.0
45.0,36.071151911476406,15.2,0.0,29.8,0.0,8.928848088523594,0.0,1.4273282372771448
18.0,30.59801869581619,18.8,0.8000000000000007,0.0,12.59801869581619,0.0,22.627197507082037,0.0
23.0,29.416079617602136,26.0,3.0,0.0,6.416079617602136,0.0,13.050682702976943,0.0
55.0,44.59580668482873,8.0,0.0,47.0,0.0,10.40419331517127,2.4283482772784026,0.0
34.0,27.437340701105754,14.0,0.0,20.0,0.0,6.562659298894246,1.4753508662577133,0.0
35.0,30.45005492811515,13.6,0.0,21.4,0.0,4.549945071884849,2.576207607316306,0.0
38.0,48.12659040166498,25.200000000000003,0.0,12.799999999999997,10.126590401664977,0.0,20.041203160657133,0.0
32.0,32.859162099996716,19.6,0.0,12.399999999999999,0.8591620999967162,0.0,8.599118590655273,0.0
27.0,34.57753721508139,14.4,0.0,12.6,7.577537215081392,0.0,18.827753665485922,0.0
48.0,34.73361891207714,3.2,0.0,44.8,0.0,13.26638108792286,0.0,3.9151902837234687
22.0,27.774784763135266,12.4,0.0,9.6,5.774784763135266,0.0,12.528988695239768,0.0
41.0,36.05180929760975,18.8,0.0,22.2,0.0,4.948190702390249,3.2069835455423004,0.0
44.0,43.73100578629049,18.8,0.0,25.2,0.0,0.2689942137095116,12.741346022477643,0.0
41.0,34.73831423081296,9.6,0.0,31.4,0.0,6.261685769187039,2.1979383517798823,0.0
30.0,27.255519787765348,33.2,3.200000000000003,0.0,3.200000000000003,0.0,3.638823880595318,0.0
39.0,38.6464324182609,40.8,1.7999999999999972,0.0,1.7999999999999972,0.0,9.51329852206807,0.0
27.0,29.599781593034,16.400000000000002,0.0,10.599999999999998,2.599781593033999,0.0,10.579887431444732,0.0
44.0,36.30683989493262,12.4,0.0,31.6,0.0,7.693160105067378,4.029756660506443,0.0
34.0,35.017795532894716,18.8,0.0,15.2,1.0177955328947164,0.0,10.544885578650927,0.0
21.0,29.99749388186047,6.800000000000001,0.0,14.2,8.997493881860471,0.0,15.295389391744074,0.0
24.0,33.719346564527086,19.6,0.0,4.399999999999999,9.719346564527086,0.0,18.988073942030383,0.0
62.0,52.87390878632065,16.8,0.0,45.2,0.0,9.12609121367936,0.30249439517595533,0.0
44.0,36.293567461487,20.4,0.0,23.6,0.0,7.706432538512999,0.5127500146898427,0.0
25.0,26.716575214555807,20.8,0.0,4.199999999999999,1.7165752145558066,0.0,8.934919899966935,0.0
31.0,35.0898608291779,3.6,0.0,27.4,4.089860829177901,0.0,13.933745101924771,0.0
37.0,34.52506623159224,10.0,0.0,27.0,0.0,2.474933768407759,7.673727089539135,0.0
26.0,27.255731501580136,20.0,0.0,6.0,1.2557315015801365,0.0,10.955988977863832,0.0
53.0,40.63889230372968,11.6,0.0,41.4,0.0,12.361107696270317,0.0,1.5033190191271046
41.0,36.93886556735134,23.6,0.0,17.4,0.0,4.061134432648657,6.535241181534012,0.0
21.0,28.936526741213743,20.4,0.0,0.6000000000000014,7.9365267412137435,0.0,15.441608734935237,0.0
45.0,48.035147210102394,9.6,0.0,35.4,3.0351472101023944,0.0,13.387825650644949,0.0
33.0,32.51246802799491,15.2,0.0,17.8,0.0,0.4875319720050868,8.40493868435685,0.0
36.0,32.60334120067912,9.2,0.0,26.8,0.0,3.396658799320882,5.486132903338827,0.0
37.0,36.237423500493,22.8,0.0,14.2,0.0,0.7625764995069986,7.401423576400703,0.0
21.0,26.78813751635965,10.8,0.0,10.2,5.788137516359651,0.0,16.30235509623411,0.0
39.0,33.400099750180544,14.0,0.0,25.0,0.0,5.599900249819456,2.1267258798692623,0.0
34.0,38.87456343154682,8.0,0.0,26.0,4.874563431546818,0.0,14.997380550251357,0.0
50.0,38.128713634567205,16.0,0.0,34.0,0.0,11.871286365432795,0.0,1.0922693313042515
34.0,37.90007889298629,17.2,0.0,16.8,3.9000788929862935,0.0,16.223975375189227,0.0
52.0,38.28520738056475,15.6,0.0,36.4,0.0,13.71479261943525,0.0,6.555008008113411
28.0,38.36298417089595,12.0,0.0,16.0,10.362984170895949,0.0,19.3727839723186,0.0
19.0,30.86268875971633,24.8,5.800000000000001,0.0,11.862688759716331,0.0,20.89243056837993,0.0
49.0,46.30169707420982,9.2,0.0,39.8,0.0,2.6983029257901734,8.229298734421548,0.0
39.0,37.87468714441381,13.6,0.0,25.4,0.0,1.1253128555861878,8.783453318264243,0.0
42.0,34.83387196386961,10.8,0.0,31.2,0.0,7.166128036130388,0.9451879900909148,0.0
20.0,28.273394886660405,13.6,0.0,6.4,8.273394886660405,0.0,15.340264745467948,0.0
41.0,41.95033947482005,11.6,0.0,29.4,0.9503394748200478,0.0,13.569028951955765,0.0
21.0,33.37955929250892,7.6,0.0,13.4,12.379559292508922,0.0,19.622976779443178,0.0
30.0,33.95543689464505,7.6,0.0,22.4,3.9554368946450467,0.0,13.150577733727125,0.0
33.0,42.178316066916,18.4,0.0,14.600000000000001,9.178316066915997,0.0,19.711295779257057,0.0
32.0,28.321317812489216,27.200000000000003,0.0,4.799999999999997,0.0,3.678682187510784,6.156670836808452,0.0
31.0,29.657734754865107,13.6,0.0,17.4,0.0,1.3422652451348895,6.609158194086383,0.0
24.0,32.87947737927616,17.2,0.0,6.800000000000001,8.87947737927616,0.0,16.879314825355095,0.0
24.0,28.919932742612875,36.8,12.799999999999997,0.0,12.799999999999997,0.0,13.669471626012395,0.0
34.0,37.16556904329498,12.0,0.0,22.0,3.1655690432949797,0.0,13.78514322552801,0.0
43.0,38.02001855648443,12.0,0.0,31.0,0.0,4.97998144351557,4.247197837160776,0.0
37.0,33.013668821837115,22.0,0.0,15.0,0.0,3.986331178162885,4.361968794876532,0.0
28.0,30.167493266544167,12.4,0.0,15.6,2.167493266544163,0.0,10.426031412139679,0.0
50.0,43.47897375617077,8.4,0.0,41.6,0.0,6.521026243829233,4.522182804259003,0.0
31.0,31.082791082014072,36.8,5.799999999999997,0.0,5.799999999999997,0.0,8.369963026201027,0.0
25.0,28.128411162381163,12.0,0.0,13.0,3.1284111623811626,0.0,10.395893500645634,0.0
38.0,33.64161472028393,3.6,0.0,34.4,0.0,4.358385279716067,3.1050454425747844,0.0
34.0,38.39425529829307,13.6,0.0,20.4,4.394255298293068,0.0,14.571028848800701,0.0
29.0,29.592711573804124,11.6,0.0,17.4,0.5927115738041238,0.0,8.05543488698411,0.0
43.0,47.80276202719699,20.4,0.0,22.6,4.802762027196991,0.0,15.996007802880854,0.0
41.0,43.256235991408275,14.8,0.0,26.2,2.256235991408275,0.0,12.315770513220713,0.0
48.0,36.41463750496171,16.400000000000002,0.0,31.599999999999998,0.0,11.58536249503829,0.0,2.182646609833448
28.0,34.50387247422953,12.8,0.0,15.2,6.5038724742295315,0.0,16.334330432641835,0.0
27.0,34.9786233833019,26.0,0.0,1.0,7.978623383301901,0.0,18.0369775577838,0.0
19.0,33.031140048294,22.0,3.0,0.0,14.031140048293999,0.0,23.917051938403937,0.0
32.0,28.791656056011096,13.6,0.0,18.4,0.0,3.208343943988904,5.13863405213759,0.0
36.0,33.186303932856624,6.4,0.0,29.6,0.0,2.8136960671433755,4.948013000598692,0.0
40.0,35.95888923821915,12.4,0.0,27.6,0.0,4.04111076178085,3.887392822518251,0.0
30.0,35.35069417757502,22.0,0.0,8.0,5.350694177575022,0.0,13.60323342865727,0.0
47.0,38.218566552963054,16.8,0.0,30.2,0.0,8.781433447036946,0.0,0.2914620066890308
34.0,45.43985229608044,19.200000000000003,0.0,14.799999999999997,11.439852296080439,0.0,23.946714534668345,0.0
41.0,35.06021258449646,12.0,0.0,29.0,0.0,5.939787415503538,5.375941080587388,0.0
44.0,34.20761545351641,10.8,0.0,33.2,0.0,9.79238454648359,0.0,0.3153190418724847
32.0,39.01145491733803,6.0,0.0,26.0,7.011454917338028,0.0,15.764275249329167,0.0
30.0,31.564818649628265,37.2,7.200000000000003,0.0,7.200000000000003,0.0,10.536207252005504,0.0
40.0,42.062606085639494,14.8,0.0,25.2,2.0626060856394943,0.0,13.135201889258354,0.0
24.0,31.485072268417113,9.6,0.0,14.4,7.485072268417113,0.0,16.806517450649345,0.0
43.0,40.98758411543581,8.4,0.0,34.6,0.0,2.0124158845641915,8.462411616744674,0.0
36.0,40.253441290451086,23.6,0.0,12.399999999999999,4.253441290451086,0.0,13.8466963561403,0.0
43.0,35.0245733230201,12.4,0.0,30.6,0.0,7.9754266769799,0.5153754043437146,0.0
39.0,37.175879602076186,21.200000000000003,0.0,17.799999999999997,0.0,1.8241203979238136,8.886412996666131,0.0
49.0,40.10289615655613,10.0,0.0,39.0,0.0,8.897103843443873,1.09846964276705,0.0
35.0,40.00313905385577,15.6,0.0,19.4,5.003139053855769,0.0,14.941239825133174,0.0
24.0,24.353861104429505,13.2,0.0,10.8,0.35386110442950525,0.0,8.148416745310485,0.0
26.0,27.456992635524305,4.0,0.0,22.0,1.4569926355243048,0.0,8.571279664293726,0.0
26.0,24.8988412788222,14.0,0.0,12.0,0.0,1.1011587211778,6.382337052058233,0.0
28.0,30.012671228849776,16.400000000000002,0.0,11.599999999999998,2.0126712288497757,0.0,11.038371871519985,0.0
41.0,44.94764478113659,11.2,0.0,29.8,3.9476447811365887,0.0,12.897962597241204,0.0
33.0,29.858840614084944,19.200000000000003,0.0,13.799999999999997,0.0,3.1411593859150564,3.1988734964252075,0.0
43.0,42.96901419229666,12.0,0.0,31.0,0.0,0.030985807703338253,12.016521136056689,0.0
33.0,36.82573600224118,12.0,0.0,21.0,3.825736002241179,0.0,14.490407295666238,0.0
39.0,32.37336755457213,16.0,0.0,23.0,0.0,6.626632445427873,1.3759232416732772,0.0
65.0,45.57173050010463,16.8,0.0,48.2,0.0,19.42826949989537,0.0,5.31558204446992
28.0,34.38592291944686,22.8,0.0,5.199999999999999,6.3859229194468625,0.0,15.769957332684783,0.0
34.0,40.936819696725415,14.4,0.0,19.6,6.936819696725415,0.0,19.20258875522073,0.0
49.0,40.43422198862398,19.200000000000003,0.0,29.799999999999997,0.0,8.565778011376018,1.6327131965484867,0.0
54.0,45.266977429100514,15.6,0.0,38.4,0.0,8.733022570899486,2.5428042691444404,0.0
35.0,40.42064023568773,16.400000000000002,0.0,18.599999999999998,5.420640235687728,0.0,15.825016148933656,0.0
41.0,29.366841019975595,10.4,0.0,30.6,0.0,11.633158980024405,0.0,2.44555074025007
34.0,39.90124061925632,22.8,0.0,11.2,5.9012406192563205,0.0,15.667200425403486,0.0
23.0,35.97395491450361,11.6,0.0,11.4,12.973954914503608,0.0,23.88048118722255,0.0
35.0,46.69493092752729,4.4,0.0,30.6,11.694930927527288,0.0,23.633067547845194,0.0
30.0,42.36296606705828,11.6,0.0,18.4,12.36296606705828,0.0,20.924430848576314,0.0
35.0,40.201327184091475,23.6,0.0,11.399999999999999,5.201327184091475,0.0,13.91317027398334,0.0
48.0,34.855189881475084,10.8,0.0,37.2,0.0,13.144810118524916,0.0,4.550086987284104
30.0,37.29434804944022,6.800000000000001,0.0,23.2,7.294348049440217,0.0,17.36417928983576,0.0
24.0,27.458560643824928,18.4,0.0,5.600000000000001,3.458560643824928,0.0,10.979370163102864,0.0
38.0,33.48020340029257,22.4,0.0,15.600000000000001,0.0,4.519796599707433,5.575041224051603,0.0
47.0,37.40610476330771,6.4,0.0,40.6,0.0,9.59389523669229,1.0174825765453548,0.0
53.0,46.3758345612095,9.2,0.0,43.8,0.0,6.624165438790499,5.599965680035055,0.0
59.0,50.62944119076939,15.6,0.0,43.4,0.0,8.370558809230609,4.847359675081634,0.0
32.0,30.669852440820335,11.2,0.0,20.8,0.0,1.3301475591796645,7.258176715268519,0.0
21.0,25.33295057288164,8.0,0.0,13.0,4.332950572881639,0.0,12.708333331623706,0.0
48.0,38.26017363963876,19.200000000000003,0.0,28.799999999999997,0.0,9.739826360361242,0.0,2.0686539070652685
30.0,30.220845704048525,13.2,0.0,16.8,0.220845704048525,0.0,7.774262871112342,0.0
29.0,40.306688486640695,13.6,0.0,15.4,11.306688486640695,0.0,20.403454136533014,0.0
31.0,30.86403874957252,6.4,0.0,24.6,0.0,0.13596125042748497,8.112151540124259,0.0
47.0,37.55358036240124,13.6,0.0,33.4,0.0,9.446419637598758,0.9223865135782958,0.0
22.0,28.447214702696037,8.8,0.0,13.2,6.447214702696037,0.0,13.01232308848082,0.0
22.0,26.827942642400032,14.4,0.0,7.6,4.827942642400032,0.0,12.5610700636704,0.0
33.0,42.55412909463633,22.4,0.0,10.600000000000001,9.55412909463633,0.0,18.16954715204932,0.0
26.0,30.329189937797345,22.0,0.0,4.0,4.329189937797345,0.0,10.67937835181747,0.0
29.0,39.61333192070053,10.8,0.0,18.2,10.613331920700531,0.0,21.084377750656415,0.0
17.0,28.994890068161713,13.6,0.0,3.4000000000000004,11.994890068161713,0.0,19.852607465909806,0.0
39.0,32.408609557015886,16.8,0.0,22.2,0.0,6.591390442984114,1.4275167508205087,0.0
26.0,29.67889774138989,21.6,0.0,4.399999999999999,3.678897741389889,0.0,11.57884984681457,0.0
33.0,25.29239524152029,6.4,0.0,26.6,0.0,7.707604758479711,0.2426484598794758,0.0
39.0,31.63508038426517,9.6,0.0,29.4,0.0,7.364919615734827,2.0319588870890684,0.0
37.0,30.965674848060345,20.0,0.0,17.0,0.0,6.034325151939655,2.378878863560736,0.0
21.0,32.39888885791663,13.2,0.0,7.800000000000001,11.398888857916631,0.0,20.32362045276345,0.0
34.0,32.0227241620389,19.6,0.0,14.399999999999999,0.0,1.977275837961102,7.251232639994022,0.0
31.0,33.785450317839306,8.0,0.0,23.0,2.785450317839306,0.0,10.30288326104624,0.0
36.0,30.39574845918883,21.6,0.0,14.399999999999999,0.0,5.60425154081117,1.9679643312572068,0.0
25.0,33.738954373900214,30.0,5.0,0.0,8.738954373900214,0.0,16.868210973638213,0.0
36.0,37.6934560793735,11.2,0.0,24.8,1.6934560793734974,0.0,10.276916622055737,0.0
28.0,35.795052443234226,5.6000000000000005,0.0,22.4,7.795052443234226,0.0,16.8306716911556,0.0
50.0,39.47368553257259,5.2,0.0,44.8,0.0,10.526314467427412,0.0,0.9044505042705069
33.0,33.34951374696835,11.6,0.0,21.4,0.34951374696834847,0.0,8.14030797663542,0.0
31.0,31.718186358112373,14.4,0.0,16.6,0.7181863581123693,0.0,9.647262745911064,0.0
42.0,44.006676159154125,4.800000000000001,0.0,37.2,2.006676159154125,0.0,12.142142441283042,0.0
50.0,47.86767111997127,16.8,0.0,33.2,0.0,2.13232888002873,8.916736506059607,0.0
28.0,30.56602769744752,12.4,0.0,15.6,2.5660276974475167,0.0,10.68138519813909,0.0
57.0,56.36371703977314,4.0,0.0,53.0,0.0,0.6362829602268576,12.175437042795366,0.0
27.0,36.99820423666589,18.0,0.0,9.0,9.998204236665892,0.0,19.088179914770933,0.0
54.0,49.79672629129224,20.0,0.0,34.0,0.0,4.203273708707762,5.975545140145954,0.0
46.0,40.11066800179368,17.2,0.0,28.8,0.0,5.889331998206323,4.098205325910413,0.0
29.0,36.07846830552502,13.2,0.0,15.8,7.078468305525021,0.0,14.60626347395398,0.0
33.0,36.49161938198848,14.0,0.0,19.0,3.491619381988478,0.0,12.209912968310817,0.0
44.0,32.29534429896743,10.8,0.0,33.2,0.0,11.704655701032571,0.0,1.905623874575511
29.0,34.86130628180267,13.6,0.0,15.4,5.861306281802669,0.0,14.29965044124905,0.0
37.0,32.691871874275634,18.8,0.0,18.2,0.0,4.308128125724366,4.16372834091144,0.0
24.0,30.80053733719349,12.8,0.0,11.2,6.800537337193489,0.0,15.754810938829593,0.0
41.0,35.222739953113866,8.4,0.0,32.6,0.0,5.777260046886134,2.691835076025569,0.0
32.0,30.754297442134593,21.200000000000003,0.0,10.799999999999997,0.0,1.2457025578654068,7.446431618224487,0.0
36.0,36.86484729569307,3.6,0.0,32.4,0.8648472956930675,0.0,12.508368914833845,0.0
43.0,38.564361364079986,29.200000000000003,0.0,13.799999999999997,0.0,4.435638635920014,7.227026843242648,0.0
17.0,29.276725223239342,12.0,0.0,5.0,12.276725223239342,0.0,20.0023878436469,0.0
53.0,47.100360718306426,10.8,0.0,42.2,0.0,5.899639281693581,5.670333725509693,0.0
24.0,32.35937320451659,31.200000000000003,7.200000000000003,0.0,8.359373204516586,0.0,15.858848555336131,0.0
35.0,30.044308393288564,19.6,0.0,15.399999999999999,0.0,4.9556916067114365,2.473465977950262,0.0
26.0,36.34732942251691,13.6,0.0,12.4,10.347329422516907,0.0,20.739083769845386,0.0
20.0,28.285909741949823,18.0,0.0,2.0,8.285909741949823,0.0,15.39638191710499,0.0
45.0,35.69957902634554,12.8,0.0,32.2,0.0,9.300420973654461,0.8289381769175463,0.0
23.0,29.49831207296137,13.6,0.0,9.4,6.498312072961369,0.0,13.06551157357999,0.0
28.0,37.213242547304674,18.0,0.0,10.0,9.213242547304674,0.0,19.743814175212698,0.0
37.0,37.59153239574514,16.0,0.0,21.0,0.5915323957451406,0.0,11.620121248834387,0.0
48.0,38.1893357354523,8.8,0.0,39.2,0.0,9.810664264547697,0.0,0.9205134344171029
46.0,36.04026913441258,14.8,0.0,31.2,0.0,9.959730865587417,0.0,0.6202911201855841
20.0,25.851009390213644,10.8,0.0,9.2,5.851009390213644,0.0,15.626933775244503,0.0
32.0,24.87074259305488,17.2,0.0,14.8,0.0,7.1292574069451184,0.3779912056941015,0.0
37.0,33.512470860429794,9.6,0.0,27.4,0.0,3.4875291395702064,5.7380544579218835,0.0
52.0,41.25477546900008,16.0,0.0,36.0,0.0,10.74522453099992,0.16487468029859542,0.0
50.0,51.159470345201015,11.6,0.0,38.4,1.159470345201015,0.0,20.485077711832005,0.0
37.0,35.60737934324289,10.8,0.0,26.2,0.0,1.39262065675711,7.31133485021266,0.0
42.0,37.008384646445144,16.0,0.0,26.0,0.0,4.991615353554856,2.6681056709670727,0.0
45.0,51.92237638906008,14.0,0.0,31.0,6.9223763890600765,0.0,20.01287766969905,0.0
46.0,37.94930807195249,14.8,0.0,31.2,0.0,8.050691928047513,2.607170415291705,0.0
31.0,30.4931781541115,17.2,0.0,13.8,0.0,0.5068218458884992,5.682323744235923,0.0
42.0,37.5009563509147,16.400000000000002,0.0,25.599999999999998,0.0,4.499043649085301,5.926699586408823,0.0
28.0,29.482699308988327,25.6,0.0,2.3999999999999986,1.4826993089883267,0.0,9.864610376060234,0.0
35.0,43.78632441391022,28.4,0.0,6.600000000000001,8.786324413910222,0.0,19.733614725819997,0.0
33.0,38.6902750692168,9.2,0.0,23.8,5.690275069216803,0.0,16.19722070095534,0.0
33.0,35.48286664159132,24.8,0.0,8.2,2.482866641591322,0.0,14.491432985937031,0.0
46.0,36.76703110987177,6.0,0.0,40.0,0.0,9.232968890128227,0.3845809062696972,0.0
55.0,53.61079992560788,5.2,0.0,49.8,0.0,1.3892000743921216,12.191915180437661,0.0
48.0,42.66250511633451,14.4,0.0,33.6,0.0,5.337494883665492,5.441320672466482,0.0
48.0,35.72829803242262,25.200000000000003,0.0,22.799999999999997,0.0,12.271701967577378,0.0,0.5724162246734963
24.0,29.038340679647533,3.2,0.0,20.8,5.038340679647533,0.0,12.075483899189585,0.0
28.0,31.42914753638067,15.6,0.0,12.4,3.4291475363806683,0.0,12.609566061482063,0.0
56.0,43.020773563554705,13.2,0.0,42.8,0.0,12.979226436445295,0.0,2.656029150569722
32.0,41.259267197129475,16.0,0.0,16.0,9.259267197129475,0.0,20.305578985637638,0.0
36.0,28.43269260348992,13.2,0.0,22.8,0.0,7.567307396510081,2.762505426471911,0.0
29.0,34.564111179196125,6.800000000000001,0.0,22.2,5.564111179196125,0.0,15.673727089539128,0.0
31.0,31.14960502038444,9.2,0.0,21.8,0.14960502038443835,0.0,8.707945580229726,0.0
28.0,29.191909775744968,21.200000000000003,0.0,6.799999999999997,1.1919097757449677,0.0,8.796939157162285,0.0
16.0,32.344957590659824,29.6,13.600000000000001,0.0,16.344957590659824,0.0,25.280118799215053,0.0
47.0,40.68660785490073,20.0,0.0,27.0,0.0,6.313392145099272,4.1614633817304565,0.0
50.0,46.278554194451345,10.0,0.0,40.0,0.0,3.7214458055486546,9.290773367152077,0.0
24.0,32.29512195170326,32.0,8.0,0.0,8.295121951703258,0.0,16.74131995293,0.0
28.0,33.8539128808609,10.4,0.0,17.6,5.8539128808608965,0.0,16.024797170714642,0.0
29.0,36.87209327370469,14.0,0.0,15.0,7.872093273704692,0.0,18.66226770760008,0.0
40.0,37.266453908770416,22.4,0.0,17.6,0.0,2.7335460912295844,6.929257700805117,0.0
41.0,31.72859943864883,14.4,0.0,26.6,0.0,9.271400561351172,0.0,0.46556715421991157
30.0,39.01710794921938,28.0,0.0,2.0,9.01710794921938,0.0,18.97219847779739,0.0
37.0,28.542428931389175,9.6,0.0,27.4,0.0,8.457571068610825,0.0,1.776182094865021
22.0,28.216378242726485,10.8,0.0,11.2,6.216378242726485,0.0,13.65798000364697,0.0
38.0,35.74602408160815,16.8,0.0,21.2,0.0,2.253975918391852,5.242588176578529,0.0
33.0,35.834833567999844,11.6,0.0,21.4,2.834833567999844,0.0,11.680754680764537,0.0
51.0,50.199589472705306,9.6,0.0,41.4,0.0,0.8004105272946944,6.655296064988079,0.0
48.0,37.38699750878873,22.8,0.0,25.2,0.0,10.613002491211269,0.6806794062979264,0.0
32.0,32.45002874503959,4.800000000000001,0.0,27.2,0.4500287450395888,0.0,9.61320343927973,0.0
31.0,34.08395810722058,4.0,0.0,27.0,3.0839581072205817,0.0,12.014469012696061,0.0
37.0,30.242955565905863,14.8,0.0,22.2,0.0,6.757044434094137,0.9116381082077893,0.0
30.0,30.58813904361014,11.2,0.0,18.8,0.5881390436101412,0.0,9.644116433142422,0.0
34.0,35.1119237656735,8.0,0.0,26.0,1.1119237656735024,0.0,9.963400425855781,0.0
22.0,29.93750249840906,13.2,0.0,8.8,7.93750249840906,0.0,17.15720215745575,0.0
60.0,50.47401400126106,4.800000000000001,0.0,55.2,0.0,9.525985998738946,4.206002695355096,0.0
40.0,28.450994423109577,13.6,0.0,26.4,0.0,11.549005576890423,0.0,1.4020632838142504
36.0,27.966725790416863,23.6,0.0,12.399999999999999,0.0,8.033274209583137,0.0,0.1205271463119928
51.0,59.89210041220826,8.4,0.0,42.6,8.892100412208258,0.0,27.651559528208352,0.0
45.0,38.80915176709903,14.4,0.0,30.6,0.0,6.190848232900969,3.8406575105242666,0.0
19.0,27.81372324516086,11.6,0.0,7.4,8.813723245160858,0.0,15.528988695239768,0.0
45.0,38.353822980207745,16.400000000000002,0.0,28.599999999999998,0.0,6.646177019792255,3.7210352637067956,0.0
49.0,42.06633222844418,14.8,0.0,34.2,0.0,6.933667771555818,3.0618014747787896,0.0
21.0,32.60334120067912,11.6,0.0,9.4,11.603341200679118,0.0,20.48851896031023,0.0
19.0,28.51870562079871,22.4,3.3999999999999986,0.0,9.518705620798709,0.0,17.97897351753182,0.0
45.0,42.770500727961554,16.400000000000002,0.0,28.599999999999998,0.0,2.2294992720384457,11.11474101189556,0.0
25.0,30.610379454172744,12.4,0.0,12.6,5.610379454172744,0.0,15.253682262498963,0.0
51.0,41.9826441994376,24.0,0.0,27.0,0.0,9.017355800562399,1.8635426145301892,0.0
55.0,46.564661077284235,11.2,0.0,43.8,0.0,8.435338922715758,3.3594747506621445,0.0
42.0,42.24633289076856,26.0,0.0,16.0,0.24633289076855647,0.0,11.867295775731812,0.0
38.0,33.11979077030289,16.8,0.0,21.2,0.0,4.880209229697108,3.1656189971165034,0.0
26.0,27.121479760426848,23.6,0.0,2.3999999999999986,1.1214797604268476,0.0,8.889843259653098,0.0
38.0,33.55096055845576,11.6,0.0,26.4,0.0,4.449039441544237,5.085582276637119,0.0
33.0,30.220845704048525,8.0,0.0,25.0,0.0,2.779154295951475,4.775922649322133,0.0
55.0,46.08013545774752,16.8,0.0,38.2,0.0,8.919864542252483,1.1928615056540508,0.0
44.0,36.41182699583467,13.6,0.0,30.4,0.0,7.588173004165327,1.1312353440310474,0.0
41.0,40.994901181340154,21.6,0.0,19.4,0.0,0.005098818659845961,10.619634174919568,0.0
48.0,35.08893974560259,22.0,0.0,26.0,0.0,12.911060254397412,0.0,3.621876466824183
36.0,41.23136258864742,9.6,0.0,26.4,5.231362588647421,0.0,14.732565626899259,0.0
25.0,33.62035246695282,6.800000000000001,0.0,18.2,8.620352466952824,0.0,17.963932316883728,0.0
22.0,32.705867339429126,13.6,0.0,8.4,10.705867339429126,0.0,21.433587978141666,0.0
38.0,29.54938034555902,13.6,0.0,24.4,0.0,8.450619654440981,0.0,0.8095721838279033
26.0,38.36704537915162,14.0,0.0,12.0,12.36704537915162,0.0,19.40648400985667,0.0
50.0,40.644848641107515,6.0,0.0,44.0,0.0,9.355151358892485,0.3538200229951798,0.0
37.0,40.95425807275963,17.6,0.0,19.4,3.954258072759629,0.0,14.95180273226574,0.0
31.0,38.1710821000703,13.2,0.0,17.8,7.171082100070301,0.0,16.926529543062387,0.0
43.0,32.9745013847211,23.200000000000003,0.0,19.799999999999997,0.0,10.025498615278899,0.0,0.6200584634413673
24.0,32.93414785062833,9.6,0.0,14.4,8.934147850628328,0.0,15.232270647133149,0.0
39.0,33.384806648822504,11.6,0.0,27.4,0.0,5.615193351177496,4.04749339856042,0.0
46.0,33.111586884858966,18.0,0.0,28.0,0.0,12.888413115141034,0.0,4.1236131156914695
31.0,32.38119313018214,23.200000000000003,0.0,7.799999999999997,1.3811931301821403,0.0,9.978987581034623,0.0
67.0,52.78106127062702,10.4,0.0,56.6,0.0,14.21893872937298,5.0875696204462315,0.0
55.0,38.56905501184466,10.8,0.0,44.2,0.0,16.43094498815534,0.0,4.100132525897493
19.0,29.5570642317161,5.6000000000000005,0.0,13.399999999999999,10.557064231716101,0.0,18.50546763337418,0.0
36.0,48.81030066972507,20.0,0.0,16.0,12.810300669725073,0.0,24.759905701578077,0.0
37.0,43.87866193478556,14.8,0.0,22.2,6.878661934785562,0.0,16.393837930058794,0.0
48.0,40.84323313242905,10.4,0.0,37.6,0.0,7.156766867570951,2.1024589001589433,0.0
25.0,34.557907187089626,3.6,0.0,21.4,9.557907187089626,0.0,18.710171378469262,0.0
26.0,33.21239389957856,3.6,0.0,22.4,7.212393899578558,0.0,15.118421840535554,0.0
29.0,35.010568964279656,12.8,0.0,16.2,6.010568964279656,0.0,14.660414559060428,0.0
16.0,26.694061083778877,13.2,0.0,2.8000000000000007,10.694061083778877,0.0,18.509112062107526,0.0
46.0,34.02236154723905,15.2,0.0,30.8,0.0,11.97763845276095,0.0,4.179846950945162
26.0,35.3585979177552,9.6,0.0,16.4,9.358597917755198,0.0,18.16156963596508,0.0
26.0,31.05370751589876,14.4,0.0,11.6,5.053707515898758,0.0,12.244361720315261,0.0
36.0,37.776651308372905,12.0,0.0,24.0,1.7766513083729052,0.0,12.641459202815874,0.0
37.0,35.235469997550105,8.0,0.0,29.0,0.0,1.764530002449895,8.755715526659145,0.0
43.0,38.9156131039973,15.6,0.0,27.4,0.0,4.084386896002698,5.7416510567140975,0.0
44.0,45.958202715459194,29.200000000000003,0.0,14.799999999999997,1.958202715459194,0.0,12.286996114897548,0.0
37.0,40.39605070349441,8.8,0.0,28.2,3.39605070349441,0.0,13.0485597534108,0.0
22.0,30.896071658143843,18.8,0.0,3.1999999999999993,8.896071658143843,0.0,14.9475254245122,0.0
39.0,34.56585452825525,20.8,0.0,18.2,0.0,4.434145471744749,6.364187583090278,0.0
26.0,34.2630522626314,16.400000000000002,0.0,9.599999999999998,8.263052262631398,0.0,17.56421598433763,0.0
32.0,33.46057141770184,24.8,0.0,7.199999999999999,1.4605714177018427,0.0,9.104521959473416,0.0
52.0,45.452313308187605,15.6,0.0,36.4,0.0,6.547686691812395,6.832983502547087,0.0
30.0,33.99765105257609,22.8,0.0,7.199999999999999,3.9976510525760887,0.0,14.04855144925805,0.0
40.0,42.24722849032883,12.4,0.0,27.6,2.2472284903288298,0.0,15.718935938458984,0.0
28.0,35.08883449993539,8.8,0.0,19.2,7.088834499935388,0.0,16.432560685047576,0.0
32.0,33.482979284123786,20.8,0.0,11.2,1.482979284123786,0.0,9.432760772441064,0.0
30.0,36.11642635677989,34.0,4.0,0.0,6.11642635677989,0.0,16.85125995438242,0.0
37.0,37.38468707698442,9.2,0.0,27.8,0.3846870769844202,0.0,10.743814175212705,0.0
25.0,33.715206863907184,22.8,0.0,2.1999999999999993,8.715206863907184,0.0,16.84552889348747,0.0
36.0,42.25488582359235,7.2,0.0,28.8,6.254885823592353,0.0,17.88558173513068,0.0
31.0,28.5714379678332,11.6,0.0,19.4,0.0,2.428562032166795,7.743837898164102,0.0
26.0,41.130079925042224,14.0,0.0,12.0,15.130079925042224,0.0,25.697324613631103,0.0
34.0,34.472881068122106,14.8,0.0,19.2,0.4728810681221063,0.0,8.613445299131733,0.0
36.0,42.758639066780994,20.4,0.0,15.600000000000001,6.758639066780994,0.0,19.681786220568576,0.0
41.0,35.620045198233484,26.0,0.0,15.0,0.0,5.379954801766516,5.529021769920327,0.0
22.0,27.806861201868312,19.200000000000003,0.0,2.799999999999997,5.806861201868312,0.0,13.976173995462936,0.0
42.0,45.04089053457905,6.0,0.0,36.0,3.0408905345790487,0.0,12.502336281039547,0.0
36.0,33.45486346708264,17.2,0.0,18.8,0.0,2.545136532917361,5.601058997116503,0.0
60.0,49.00966873667534,7.6,0.0,52.4,0.0,10.990331263324663,2.42209611611095,0.0
31.0,35.39118483305582,21.6,0.0,9.399999999999999,4.391184833055817,0.0,12.389187311567362,0.0
36.0,33.828233764282096,8.4,0.0,27.6,0.0,2.1717662357179037,6.421584286666935,0.0
29.0,31.21593438252846,15.2,0.0,13.8,2.2159343825284594,0.0,10.367658786867345,0.0
53.0,48.43480836567972,17.2,0.0,35.8,0.0,4.5651916343202785,8.010375691341366,0.0
24.0,36.81648797123997,12.4,0.0,11.6,12.816487971239972,0.0,21.495582146542745,0.0
53.0,56.98442467985575,8.8,0.0,44.2,3.984424679855749,0.0,16.309517904855696,0.0
38.0,34.64289009071921,24.4,0.0,13.600000000000001,0.0,3.357109909280787,5.60310910158487,0.0
28.0,37.415482344728005,8.0,0.0,20.0,9.415482344728005,0.0,21.235424146279627,0.0
44.0,46.143592722221975,6.4,0.0,37.6,2.1435927222219746,0.0,12.739844058656722,0.0
24.0,31.51542313851874,20.0,0.0,4.0,7.5154231385187416,0.0,16.407436067067238,0.0
30.0,34.92686607988178,20.4,0.0,9.600000000000001,4.926866079881783,0.0,15.062966904664691,0.0
27.0,35.90635764188999,13.6,0.0,13.4,8.90635764188999,0.0,17.12582556508778,0.0
25.0,25.510779140762335,10.8,0.0,14.2,0.5107791407623345,0.0,7.914478450202182,0.0
37.0,32.43725883315011,16.8,0.0,20.2,0.0,4.562741166849889,3.712387185256304,0.0
30.0,27.07531175240399,30.4,0.3999999999999986,0.0,0.3999999999999986,0.0,5.557225511462889,0.0
54.0,38.9189538410311,16.400000000000002,0.0,37.599999999999994,0.0,15.081046158968903,0.0,2.3674927274324205
28.0,31.564735877996284,17.2,0.0,10.8,3.5647358779962843,0.0,13.382744963794629,0.0
62.0,45.142143102813954,15.6,0.0,46.4,0.0,16.857856897186046,0.0,1.4822898831171543
54.0,43.28186016557883,10.8,0.0,43.2,0.0,10.71813983442118,0.23538478279118635,0.0
23.0,33.96224521927737,13.6,0.0,9.4,10.96224521927737,0.0,19.778634747454355,0.0
25.0,29.425348999840516,5.2,0.0,19.8,4.425348999840516,0.0,12.236593266498666,0.0
39.0,45.937046268544016,11.6,0.0,27.4,6.937046268544016,0.0,18.899187345754854,0.0
29.0,38.03166131094865,22.0,0.0,7.0,9.03166131094865,0.0,21.18508225794198,0.0
43.0,42.81275533873887,8.0,0.0,35.0,0.0,0.1872446612611327,12.288710416075503,0.0
37.0,35.96829967217148,9.6,0.0,27.4,0.0,1.031700327828517,7.745441875322456,0.0
28.0,30.699688937919156,18.0,0.0,10.0,2.6996889379191558,0.0,11.288971322827429,0.0
30.0,29.474294553514017,11.2,0.0,18.8,0.0,0.5257054464859827,8.557343056205355,0.0
37.0,38.13529565006339,4.800000000000001,0.0,32.2,1.1352956500633837,0.0,10.847213898442433,0.0
36.0,30.67822149343592,9.6,0.0,26.4,0.0,5.32177850656408,4.332990657345171,0.0
30.0,26.750279660450115,5.6000000000000005,0.0,24.4,0.0,3.249720339549885,6.951416664706144,0.0
38.0,36.46064043409821,39.2,1.2000000000000028,0.0,1.2000000000000028,0.0,9.972399949926562,0.0
49.0,38.500337913638546,26.0,0.0,23.0,0.0,10.499662086361454,0.9996077552706453,0.0
27.0,35.440805996710004,16.0,0.0,11.0,8.440805996710004,0.0,17.500811206329985,0.0
29.0,34.463246864739546,34.0,5.0,0.0,5.463246864739546,0.0,15.40944132598083,0.0
28.0,35.62254155085787,19.6,0.0,8.399999999999999,7.622541550857868,0.0,17.61049286655556,0.0
33.0,41.87300539800729,16.8,0.0,16.2,8.873005398007287,0.0,23.527456789750488,0.0
49.0,38.086277527660634,28.4,0.0,20.6,0.0,10.913722472339366,0.0,0.554333005647905
44.0,33.042340775325954,25.6,0.0,18.4,0.0,10.957659224674046,0.0,2.0668985848899837
27.0,34.12325659684696,10.4,0.0,16.6,7.123256596846957,0.0,17.07149746674827,0.0
54.0,38.09643482540317,8.8,0.0,45.2,0.0,15.903565174596828,0.0,5.857413579190279
32.0,33.16379479738555,33.2,1.2000000000000028,0.0,1.2000000000000028,0.0,9.212449231922058,0.0
31.0,27.596640229472857,12.4,0.0,18.6,0.0,3.4033597705271426,3.667128381269272,0.0
36.0,33.66154221665712,16.400000000000002,0.0,19.599999999999998,0.0,2.338457783342882,5.647844078569541,0.0
33.0,40.78077016685128,28.0,0.0,5.0,7.780770166851283,0.0,21.03534279111979,0.0
42.0,36.18379928597383,12.0,0.0,30.0,0.0,5.8162007140261665,2.7740826237780425,0.0
47.0,52.78797499149325,12.4,0.0,34.6,5.78797499149325,0.0,16.627338755553673,0.0
45.0,49.92046418159358,18.0,0.0,27.0,4.92046418159358,0.0,18.450841964305738,0.0
51.0,47.12626030679611,10.8,0.0,40.2,0.0,3.8737396932038877,6.298983324933047,0.0
46.0,41.84659703907283,13.6,0.0,32.4,0.0,4.153402960927167,6.598686438519437,0.0
38.0,34.423930606263056,11.2,0.0,26.8,0.0,3.576069393736944,5.312461577649117,0.0
41.0,37.89998861916998,10.4,0.0,30.6,0.0,3.1000113808300185,8.300635328388672,0.0
36.0,31.710658579600928,24.0,0.0,12.0,0.0,4.289341420399072,1.9633859754225824,0.0
51.0,42.20416364042351,9.2,0.0,41.8,0.0,8.795836359576484,1.5940283853312849,0.0
35.0,34.354266070829865,12.4,0.0,22.6,0.0,0.6457339291701345,7.484075015613918,0.0
49.0,39.5059733704591,7.6,0.0,41.4,0.0,9.494026629540897,0.6678339312576256,0.0
27.0,28.150145944797032,17.6,0.0,9.399999999999999,1.150145944797032,0.0,7.986902700288283,0.0
51.0,41.19968500764245,3.2,0.0,47.8,0.0,9.80031499235755,0.7509056760310528,0.0
42.0,32.60334120067912,19.200000000000003,0.0,22.799999999999997,0.0,9.396658799320882,0.0,0.5121439109440473
39.0,28.975743777920417,14.0,0.0,25.0,0.0,10.024256222079583,0.0,3.2284435672106966
54.0,46.39503122580209,8.8,0.0,45.2,0.0,7.604968774197914,4.001014400325957,0.0
22.0,31.30895508123073,14.0,0.0,8.0,9.308955081230732,0.0,18.35149581111029,0.0
33.0,34.458771362148035,16.400000000000002,0.0,16.599999999999998,1.4587713621480347,0.0,10.602446230330592,0.0
38.0,39.49518506713686,18.8,0.0,19.2,1.495185067136859,0.0,14.808853485542983,0.0
28.0,32.29248245328186,5.2,0.0,22.8,4.292482453281863,0.0,11.859511426590409,0.0
30.0,31.052300370988284,10.4,0.0,19.6,1.0523003709882843,0.0,7.307633253677757,0.0
24.0,34.89883029736883,14.0,0.0,10.0,10.898830297368832,0.0,19.058229102768713,0.0
57.0,48.50917141789373,14.0,0.0,43.0,0.0,8.490828582106268,10.494033820134433,0.0
31.0,29.816933992564312,9.2,0.0,21.8,0.0,1.1830660074356878,7.450304225393118,0.0
23.0,31.66308673108814,9.6,0.0,13.4,8.663086731088143,0.0,16.702664299413712,0.0
53.0,41.168327454742865,8.0,0.0,45.0,0.0,11.831672545257135,0.0,1.6342388574777118
30.0,33.68948829369346,37.6,7.600000000000001,0.0,7.600000000000001,0.0,12.80001676768213,0.0
32.0,36.77047052021641,5.2,0.0,26.8,4.7704705202164135,0.0,14.909624331269455,0.0
62.0,46.56551127459428,11.6,0.0,50.4,0.0,15.434488725405721,0.0,5.166903903916989
42.0,41.69845926903808,25.200000000000003,0.0,16.799999999999997,0.0,0.3015407309619178,9.624714996632726,0.0
62.0,53.98204582493938,18.0,0.0,44.0,0.0,8.017954175060623,4.640379595946968,0.0
44.0,49.76295946623912,18.4,0.0,25.6,5.762959466239117,0.0,17.296705896121075,0.0
36.0,34.16398375893787,19.200000000000003,0.0,16.799999999999997,0.0,1.8360162410621328,5.856275576788249,0.0
42.0,32.34221490093305,9.2,0.0,32.8,0.0,9.657785099066949,0.0,1.3994847605142908
47.0,32.15447771693416,18.4,0.0,28.6,0.0,14.84552228306584,0.0,5.075262453636043
28.0,29.17964299201149,6.800000000000001,0.0,21.2,1.179642992011491,0.0,8.626112512004966,0.0
27.0,29.836191775766835,30.4,3.3999999999999986,0.0,3.3999999999999986,0.0,10.60324547664981,0.0
40.0,40.855751042010176,8.4,0.0,31.6,0.8557510420101764,0.0,10.597706957623245,0.0
41.0,33.370808652370066,3.6,0.0,37.4,0.0,7.629191347629934,0.2711740768219215,0.0
36.0,29.636193584544586,17.6,0.0,18.4,0.0,6.363806415455414,2.3568669193739993,0.0
26.0,33.15497653083866,26.0,0.0,0.0,7.15497653083866,0.0,15.237821282232765,0.0
20.0,32.38981996945038,8.0,0.0,12.0,12.389819969450379,0.0,20.357893380623118,0.0
40.0,30.844525266383823,11.6,0.0,28.4,0.0,9.155474733616174,0.0,1.5463592607834968
39.0,28.888351056196665,8.0,0.0,31.0,0.0,10.111648943803335,0.0,0.5752195926663788
42.0,33.12531629952984,7.2,0.0,34.8,0.0,8.874683700470158,0.31499873922456345,0.0
52.0,41.533250016721155,19.6,0.0,32.4,0.0,10.466749983278845,0.8812156403918863,0.0
56.0,46.470687826603374,13.2,0.0,42.8,0.0,9.529312173396619,2.0700602579853182,0.0
34.0,36.848711494275115,39.6,5.600000000000001,0.0,5.600000000000001,0.0,15.795601759766022,0.0
24.0,31.848257152396023,9.2,0.0,14.8,7.848257152396023,0.0,15.60018873920508,0.0
29.0,36.032410430527946,16.8,0.0,12.2,7.032410430527946,0.0,17.127539207681693,0.0
33.0,32.83392786908238,11.2,0.0,21.8,0.0,0.16607213091761963,9.316394171993615,0.0
25.0,42.85847289158615,19.200000000000003,0.0,5.799999999999997,17.858472891586153,0.0,29.691263770492597,0.0
18.0,26.17715985403425,14.8,0.0,3.1999999999999993,8.177159854034251,0.0,15.708333331623706,0.0
55.0,38.19816172138211,17.2,0.0,37.8,0.0,16.801838278617893,0.0,7.247409488122088
35.0,39.12387480036698,16.8,0.0,18.2,4.123874800366977,0.0,16.817982275164695,0.0
28.0,30.44035688891407,8.0,0.0,20.0,2.4403568889140708,0.0,12.736283422489372,0.0
26.0,35.50198236915571,10.0,0.0,16.0,9.501982369155712,0.0,18.047516731354563,0.0
42.0,41.10319080971852,16.400000000000002,0.0,25.599999999999998,0.0,0.8968091902814805,10.2442697467297,0.0
60.0,51.47244532244755,12.4,0.0,47.6,0.0,8.527554677552452,11.775588785777387,0.0
33.0,31.70258329910701,14.0,0.0,19.0,0.0,1.2974167008929918,7.246905308099393,0.0
37.0,30.072461106638382,14.8,0.0,22.2,0.0,6.927538893361618,1.6988204525136652,0.0
30.0,24.935419910167024,18.4,0.0,11.600000000000001,0.0,5.064580089832976,2.502841539770131,0.0
67.0,49.75852183541294,23.6,0.0,43.4,0.0,17.241478164587058,0.0,4.6749429558468165
36.0,31.496770336421843,7.6,0.0,28.4,0.0,4.5032296635781535,2.309732407059073,0.0
47.0,36.217984678585175,11.6,0.0,35.4,0.0,10.782015321414825,0.0,0.5934137140713318
29.0,36.44022855859163,7.6,0.0,21.4,7.4402285585916275,0.0,16.115648471269985,0.0
27.0,30.733094320201776,16.400000000000002,0.0,10.599999999999998,3.7330943202017757,0.0,12.115521078566559,0.0
35.0,36.65974447697918,12.0,0.0,23.0,1.6597444769791778,0.0,11.588556833921835,0.0
50.0,39.61724340408443,3.6,0.0,46.4,0.0,10.382756595915573,0.0,0.8617062170404068
26.0,28.56225669154809,13.6,0.0,12.4,2.5622566915480895,0.0,10.511436164304577,0.0
29.0,32.846597909527524,18.0,0.0,11.0,3.8465979095275245,0.0,13.466733238701394,0.0
38.0,39.35336822526367,4.800000000000001,0.0,33.2,1.3533682252636652,0.0,13.38227152298802,0.0
37.0,41.19834949443016,14.4,0.0,22.6,4.198349494430161,0.0,13.069491450261133,0.0
30.0,38.291642085115946,21.6,0.0,8.399999999999999,8.291642085115946,0.0,17.238133140889843,0.0
26.0,31.481611915546267,17.2,0.0,8.8,5.481611915546267,0.0,13.367852868544034,0.0
43.0,40.21620377308109,5.2,0.0,37.8,0.0,2.783796226918909,6.986046439580008,0.0
36.0,41.773617168212105,12.4,0.0,23.6,5.773617168212105,0.0,15.805386499761752,0.0
30.0,43.618770540327354,14.4,0.0,15.6,13.618770540327354,0.0,24.328456409543946,0.0
38.0,29.194134754865107,24.0,0.0,14.0,0.0,8.805865245134893,0.0,1.0574420715241502
44.0,41.89794883173526,13.6,0.0,30.4,0.0,2.1020511682647367,6.746742699126941,0.0
19.0,26.425594226428164,14.8,0.0,4.199999999999999,7.425594226428164,0.0,15.644892735019802,0.0
33.0,28.950501537837457,15.2,0.0,17.8,0.0,4.049498462162543,3.140590374917821,0.0
41.0,43.739660137211786,12.8,0.0,28.2,2.7396601372117857,0.0,12.886048941233582,0.0
26.0,39.13959254006319,13.6,0.0,12.4,13.139592540063191,0.0,22.397408488654825,0.0
40.0,37.99720287958171,17.2,0.0,22.8,0.0,2.0027971204182933,8.086382057233742,0.0
22.0,35.145154443095166,6.800000000000001,0.0,15.2,13.145154443095166,0.0,23.80468490987414,0.0
29.0,47.042181712352,15.6,0.0,13.4,18.042181712351997,0.0,31.263533923797304,0.0
45.0,36.26253162971778,24.8,0.0,20.2,0.0,8.737468370282222,0.0,1.0321717496555536
35.0,36.6629290816533,7.2,0.0,27.8,1.6629290816533029,0.0,10.283951559251364,0.0
42.0,33.50548841959486,21.6,0.0,20.4,0.0,8.494511580405138,0.0,1.2318585371467705
31.0,36.87564829622971,18.8,0.0,12.2,5.875648296229713,0.0,13.324935824502269,0.0
33.0,44.04011394102335,9.2,0.0,23.8,11.04011394102335,0.0,21.491912827132197,0.0
28.0,33.797490560097245,10.4,0.0,17.6,5.797490560097245,0.0,15.518569071777257,0.0
23.0,30.655499051753203,15.6,0.0,7.4,7.655499051753203,0.0,16.08565301906585,0.0
35.0,39.76662256056207,24.4,0.0,10.600000000000001,4.76662256056207,0.0,15.053190153932597,0.0
36.0,32.375529969514936,24.4,0.0,11.600000000000001,0.0,3.624470030485064,4.703711244847582,0.0
39.0,40.3225285567945,3.6,0.0,35.4,1.3225285567945022,0.0,11.557632567742992,0.0
29.0,30.43812300374237,7.2,0.0,21.8,1.4381230037423691,0.0,9.873404755080017,0.0
23.0,32.41357781800262,11.6,0.0,11.4,9.413577818002622,0.0,18.548948589383357,0.0
33.0,38.51998424998816,8.8,0.0,24.2,5.519984249988163,0.0,14.707034721304709,0.0
34.0,30.630662889945985,20.4,0.0,13.600000000000001,0.0,3.3693371100540155,5.752293550534411,0.0
28.0,35.83298963261569,9.6,0.0,18.4,7.832989632615693,0.0,18.169017196063898,0.0
22.0,27.339078983716742,10.0,0.0,12.0,5.3390789837167425,0.0,12.435989178672052,0.0
48.0,36.14866233135095,18.8,0.0,29.2,0.0,11.851337668649052,0.0,1.275695067735704
34.0,34.23365226728152,13.2,0.0,20.8,0.23365226728152066,0.0,10.460629953273816,0.0
29.0,30.321271737747153,9.6,0.0,19.4,1.3212717377471535,0.0,9.959517342537815,0.0
40.0,36.705426167153504,28.8,0.0,11.2,0.0,3.2945738328464955,4.572320417526768,0.0
33.0,40.66181563562199,16.8,0.0,16.2,7.661815635621991,0.0,17.734273499146042,0.0
32.0,29.49854043622784,18.4,0.0,13.600000000000001,0.0,2.5014595637721584,5.109529098762678,0.0
32.0,29.044196358478192,17.2,0.0,14.8,0.0,2.9558036415218076,3.7152076926145057,0.0
43.0,36.123143384616576,12.4,0.0,30.6,0.0,6.876856615383424,1.7443179925238894,0.0
29.0,34.528686196238404,20.4,0.0,8.600000000000001,5.528686196238404,0.0,12.59472324479259,0.0
30.0,39.97443188707991,13.6,0.0,16.4,9.97443188707991,0.0,21.148207679040823,0.0
33.0,42.20982027433633,11.2,0.0,21.8,9.20982027433633,0.0,19.55422922147693,0.0
25.0,30.2799409168435,16.0,0.0,9.0,5.2799409168435005,0.0,14.147308843544458,0.0
30.0,28.256695985992224,20.8,0.0,9.2,0.0,1.7433040140077765,6.601401251789923,0.0
29.0,27.37665514051528,16.8,0.0,12.2,0.0,1.623344859484721,5.873789048958102,0.0
73.0,56.631609022741586,14.4,0.0,58.6,0.0,16.368390977258414,0.0,3.939390966385176
33.0,38.27272056852928,26.8,0.0,6.199999999999999,5.27272056852928,0.0,14.917282749698792,0.0
27.0,28.996413490622835,13.6,0.0,13.4,1.9964134906228352,0.0,9.162788943922969,0.0
42.0,35.200586464376066,21.200000000000003,0.0,20.799999999999997,0.0,6.799413535623934,3.6104928665555605,0.0
28.0,36.17272022592568,13.6,0.0,14.4,8.17272022592568,0.0,18.10223004192285,0.0
39.0,33.625653826252666,16.8,0.0,22.2,0.0,5.374346173747334,3.115288439407614,0.0
33.0,38.80500694565145,24.4,0.0,8.600000000000001,5.805006945651449,0.0,16.36973224718112,0.0
39.0,34.39720192319094,6.800000000000001,0.0,32.2,0.0,4.602798076809059,3.695097220529121,0.0
29.0,39.88560724580613,8.4,0.0,20.6,10.885607245806128,0.0,20.29978613225142,0.0
39.0,34.20887496836999,7.2,0.0,31.8,0.0,4.79112503163001,3.102286337058402,0.0
36.0,29.506556632113167,12.0,0.0,24.0,0.0,6.493443367886833,1.7884616406353189,0.0
49.0,37.84043967750621,9.6,0.0,39.4,0.0,11.159560322493789,0.0,1.5396360701480347
41.0,33.385313936373144,10.0,0.0,31.0,0.0,7.614686063626856,2.144014898500366,0.0
37.0,34.45104870466778,8.4,0.0,28.6,0.0,2.5489512953322233,6.563639219031742,0.0
35.0,44.641564105704504,14.4,0.0,20.6,9.641564105704504,0.0,23.488851530081,0.0
43.0,37.12622840299747,18.8,0.0,24.2,0.0,5.873771597002531,4.425725352753226,0.0
46.0,36.291868672408654,8.4,0.0,37.6,0.0,9.708131327591346,0.9281220310580736,0.0
33.0,35.221822238009366,8.0,0.0,25.0,2.2218222380093664,0.0,11.095300788856214,0.0
32.0,29.260357279511492,15.2,0.0,16.8,0.0,2.739642720488508,4.8554589445871486,0.0
43.0,42.52912744556505,6.0,0.0,37.0,0.0,0.4708725544349477,11.640732019608329,0.0
21.0,28.84774288537859,9.2,0.0,11.8,7.84774288537859,0.0,13.998192298885847,0.0
41.0,39.43066777379195,11.6,0.0,29.4,0.0,1.5693322262080471,8.405766464119814,0.0
33.0,43.74559649464777,15.6,0.0,17.4,10.74559649464777,0.0,20.01697474787109,0.0
49.0,32.03938399616912,17.2,0.0,31.8,0.0,16.96061600383088,0.0,7.874064362154485
32.0,32.9116996096493,11.2,0.0,20.8,0.9116996096492969,0.0,10.40980959605934,0.0
60.0,42.42454727386241,18.0,0.0,42.0,0.0,17.57545272613759,0.0,5.742741085489634
39.0,34.734810903847574,12.8,0.0,26.2,0.0,4.265189096152426,5.742454342288433,0.0
39.0,38.725562375323165,11.2,0.0,27.8,0.0,0.2744376246768354,8.907821875480806,0.0
40.0,40.59544204917066,15.2,0.0,24.8,0.5954420491706571,0.0,10.333052344180729,0.0
37.0,45.18502769149569,12.0,0.0,25.0,8.18502769149569,0.0,19.27314851710235,0.0
31.0,29.78781349062283,22.8,0.0,8.2,0.0,1.2121865093771689,5.882809181621305,0.0
38.0,33.86860439574797,11.6,0.0,26.4,0.0,4.1313956042520275,4.7679808378151165,0.0
44.0,35.701817475865795,13.6,0.0,30.4,0.0,8.298182524134205,3.528166481023028,0.0
45.0,37.378534114501846,6.4,0.0,38.6,0.0,7.621465885498154,2.2348580608913196,0.0
46.0,41.889544932077435,11.6,0.0,34.4,0.0,4.110455067922565,9.085879566242134,0.0
31.0,29.552205083477904,15.6,0.0,15.4,0.0,1.4477949165220956,5.574777781627468,0.0
45.0,34.83191708367844,6.4,0.0,38.6,0.0,10.16808291632156,0.0,2.2638512383646017
26.0,29.026668559174215,18.4,0.0,7.600000000000001,3.0266685591742153,0.0,10.847358472389914,0.0
24.0,32.69568147795642,12.4,0.0,11.6,8.69568147795642,0.0,16.61083379517627,0.0
33.0,39.93450332788209,23.200000000000003,0.0,9.799999999999997,6.934503327882091,0.0,17.32895989991909,0.0
28.0,36.66660031953097,11.2,0.0,16.8,8.666600319530971,0.0,18.28218629670657,0.0
41.0,36.090372143041485,5.6000000000000005,0.0,35.4,0.0,4.909627856958515,5.97379868189774,0.0
49.0,36.43826778868748,12.0,0.0,37.0,0.0,12.561732211312517,0.0,3.429336817835967
36.0,30.88317230592498,13.2,0.0,22.8,0.0,5.11682769407502,3.8614534701921954,0.0
55.0,50.59671917349357,10.0,0.0,45.0,0.0,4.403280826506432,7.283149443959552,0.0
28.0,34.34497210645267,23.6,0.0,4.399999999999999,6.344972106452673,0.0,14.712768935250914,0.0
32.0,30.398183417628733,20.8,0.0,11.2,0.0,1.6018165823712671,5.809257008625707,0.0
44.0,39.07658881234257,8.8,0.0,35.2,0.0,4.923411187657429,5.880762624741578,0.0
39.0,29.822236006356466,17.6,0.0,21.4,0.0,9.177763993643534,0.0,0.2842985149374826
42.0,59.24304495916267,6.4,0.0,35.6,17.243044959162667,0.0,28.211425815007757,0.0
41.0,39.78240958693225,4.4,0.0,36.6,0.0,1.2175904130677466,11.003726305589069,0.0
40.0,40.964245301211726,23.200000000000003,0.0,16.799999999999997,0.9642453012117258,0.0,11.971936563607883,0.0
32.0,34.57127676072649,19.6,0.0,12.399999999999999,2.571276760726491,0.0,12.742454342288433,0.0
27.0,40.65973834153672,18.0,0.0,9.0,13.659738341536723,0.0,24.906935063081953,0.0
31.0,40.51916326405512,23.6,0.0,7.399999999999999,9.519163264055123,0.0,20.270614095604735,0.0
44.0,50.121383672546685,8.0,0.0,36.0,6.121383672546685,0.0,18.570312186763857,0.0
28.0,38.03347073516045,19.6,0.0,8.399999999999999,10.03347073516045,0.0,18.999516163318553,0.0
46.0,37.607557623702306,7.2,0.0,38.8,0.0,8.392442376297694,1.871408916205965,0.0
19.0,27.31212680065015,7.2,0.0,11.8,8.312126800650152,0.0,14.62960691614417,0.0
42.0,38.15513170518043,17.2,0.0,24.8,0.0,3.8448682948195696,5.844484566196179,0.0
31.0,29.65707089083674,14.8,0.0,16.2,0.0,1.3429291091632614,7.134253070638778,0.0
51.0,38.37990166724262,25.200000000000003,0.0,25.799999999999997,0.0,12.62009833275738,0.0,1.8996509659043213
33.0,34.302872525517024,21.6,0.0,11.399999999999999,1.3028725255170244,0.0,10.307455089569132,0.0
49.0,45.12742852350218,17.2,0.0,31.8,0.0,3.872571476497818,8.689483356502777,0.0
24.0,24.353861104429505,7.2,0.0,16.8,0.35386110442950525,0.0,8.148416745310485,0.0
26.0,37.1577892010323,14.0,0.0,12.0,11.157789201032301,0.0,21.71892383049493,0.0
22.0,29.42106786838421,7.2,0.0,14.8,7.42106786838421,0.0,15.108382100287294,0.0
28.0,32.45515181658574,16.400000000000002,0.0,11.599999999999998,4.45515181658574,0.0,12.92863455661282,0.0
37.0,34.44894597737889,19.200000000000003,0.0,17.799999999999997,0.0,2.551054022621109,5.9999950725202496,0.0
50.0,42.4780120736519,30.8,0.0,19.2,0.0,7.521987926348103,3.703640400825549,0.0
41.0,36.22267953256979,27.200000000000003,0.0,13.799999999999997,0.0,4.777320467430208,3.998488250254411,0.0
39.0,34.43203688881096,12.0,0.0,27.0,0.0,4.567963111189037,5.9855377948097725,0.0
36.0,30.4607103726985,9.6,0.0,26.4,0.0,5.5392896273015,2.583360733768302,0.0
48.0,37.17463720588287,25.200000000000003,0.0,22.799999999999997,0.0,10.825362794117133,0.0,0.4296135164378754
35.0,43.1581613870844,5.6000000000000005,0.0,29.4,8.158161387084398,0.0,23.084375700518642,0.0
59.0,46.77146829998645,21.6,0.0,37.4,0.0,12.228531700013548,0.0,0.5205934471328035
30.0,30.500977802373068,26.4,0.0,3.6000000000000014,0.5009778023730682,0.0,9.32476360758077,0.0
35.0,29.839453571720178,8.4,0.0,26.6,0.0,5.160546428279822,3.1222091332359767,0.0
29.0,32.824769266328126,14.8,0.0,14.2,3.8247692663281256,0.0,11.31205478549711,0.0
52.0,45.797244241709755,37.6,0.0,14.399999999999999,0.0,6.202755758290245,7.972636771027673,0.0
43.0,40.4657040973989,16.0,0.0,27.0,0.0,2.5342959026011016,7.823617061105594,0.0
42.0,33.546099335589815,17.6,0.0,24.4,0.0,8.453900664410185,0.7940646790830286,0.0
33.0,34.61148438972505,21.6,0.0,11.399999999999999,1.6114843897250495,0.0,11.218201457559616,0.0
33.0,36.43300632329846,25.200000000000003,0.0,7.799999999999997,3.433006323298457,0.0,14.636622761753138,0.0
29.0,34.160689278126135,12.0,0.0,17.0,5.160689278126135,0.0,12.500568075964175,0.0
41.0,37.885004351160894,12.0,0.0,29.0,0.0,3.1149956488391055,7.312250674210951,0.0
45.0,39.27703513751608,12.4,0.0,32.6,0.0,5.72296486248392,3.7545075841358226,0.0
39.0,32.807033140956214,11.2,0.0,27.8,0.0,6.192966859043786,2.178194934443418,0.0
22.0,30.655499051753203,22.4,0.3999999999999986,0.0,8.655499051753203,0.0,17.389294577686194,0.0
23.0,29.860749868940378,5.2,0.0,17.8,6.860749868940378,0.0,15.520948482829269,0.0
45.0,38.90110216141327,12.4,0.0,32.6,0.0,6.09889783858673,4.912599915044687,0.0
40.0,56.76137008919701,8.4,0.0,31.6,16.76137008919701,0.0,24.18831920470508,0.0
36.0,31.47562182087344,12.8,0.0,23.2,0.0,4.524378179126561,4.311088655380928,0.0
31.0,30.79080826850836,15.6,0.0,15.4,0.0,0.2091917314916394,8.018094388306942,0.0
30.0,28.637773895666,4.800000000000001,0.0,25.2,0.0,1.362226104333999,6.720584113788576,0.0
31.0,36.74709910954829,5.6000000000000005,0.0,25.4,5.747099109548287,0.0,15.098971281745627,0.0
37.0,32.212129212806566,10.4,0.0,26.6,0.0,4.787870787193434,4.08635512979658,0.0
38.0,49.88858120181591,4.0,0.0,34.0,11.88858120181591,0.0,24.485767220734118,0.0
28.0,36.024568613105906,9.2,0.0,18.8,8.024568613105906,0.0,16.09927963398546,0.0
48.0,33.886300600732284,11.6,0.0,36.4,0.0,14.113699399267716,0.0,4.373477004629208
44.0,35.6569500476181,7.2,0.0,36.8,0.0,8.343049952381897,1.7562755333418778,0.0
58.0,40.57281211564805,9.2,0.0,48.8,0.0,17.42718788435195,0.0,5.312241696109794
27.0,35.59026631004316,22.0,0.0,5.0,8.590266310043162,0.0,17.353413431265125,0.0
44.0,43.92737798902695,24.4,0.0,19.6,0.0,0.0726220109730491,9.968334981758836,0.0
52.0,40.07334722108202,12.4,0.0,39.6,0.0,11.926652778917983,0.0,0.4373885968502478
39.0,44.772951430017,13.2,0.0,25.8,5.772951430017002,0.0,18.130720750306153,0.0
42.0,33.59364702847777,26.0,0.0,16.0,0.0,8.406352971522232,0.0,0.39894100288349676
29.0,38.12547152344987,7.2,0.0,21.8,9.125471523449868,0.0,20.19670199716704,0.0
36.0,34.85483159362903,4.0,0.0,32.0,0.0,1.1451684063709706,7.272594858107702,0.0
33.0,28.43089283298239,23.6,0.0,9.399999999999999,0.0,4.569107167017609,2.9822290832904983,0.0
38.0,34.568423075174444,29.200000000000003,0.0,8.799999999999997,0.0,3.4315769248255563,4.168795365091185,0.0
31.0,35.202900072728276,16.400000000000002,0.0,14.599999999999998,4.202900072728276,0.0,13.126553912148694,0.0
39.0,40.605161827645055,6.800000000000001,0.0,32.2,1.6051618276450483,0.0,11.507927090079718,0.0
37.0,30.43812300374237,6.4,0.0,30.6,0.0,6.561876996257631,1.9605903745978708,0.0
31.0,37.49271769975837,12.0,0.0,19.0,6.492717699758373,0.0,15.371751385750521,0.0
47.0,39.125089811797295,42.0,0.0,5.0,0.0,5.0,2.2935442598832765,0.0
35.0,32.3983355106539,8.8,0.0,26.2,0.0,2.601664489346099,5.64796732030846,0.0
67.0,54.1318790274597,10.8,0.0,56.2,0.0,12.868120972540297,11.221851597403258,0.0
32.0,31.522951613813778,11.2,0.0,20.8,0.0,0.4770483861862225,9.727728132526622,0.0
44.0,48.2028387503127,22.0,0.0,22.0,4.202838750312701,0.0,16.924130314927908,0.0
47.0,41.416783175206945,14.4,0.0,32.6,0.0,5.583216824793055,6.094402168449456,0.0
35.0,34.21679661651804,5.6000000000000005,0.0,29.4,0.0,0.7832033834819612,6.951730980900983,0.0
50.0,38.76988626308628,18.4,0.0,31.6,0.0,11.230113736913722,0.0,2.920513434417103
37.0,29.495616614219426,6.800000000000001,0.0,30.2,0.0,7.504383385780574,0.4728555901741771,0.0
22.0,24.53297487989509,10.8,0.0,11.2,2.5329748798950895,0.0,10.513896943206824,0.0
28.0,29.899903696527492,11.6,0.0,16.4,1.8999036965274954,0.0,8.328363397662422,0.0
32.0,37.44046336292661,22.8,0.0,9.2,5.440463362926607,0.0,16.03489267780366,0.0
20.0,34.245186290748705,19.200000000000003,0.0,0.7999999999999972,14.245186290748705,0.0,22.77855341244907,0.0
32.0,34.34665658944707,28.8,0.0,3.1999999999999993,2.346656589447072,0.0,9.097356026031427,0.0
26.0,33.171887409252335,26.0,0.0,0.0,7.171887409252335,0.0,14.967934182198569,0.0
38.0,32.46345346317296,6.4,0.0,31.6,0.0,5.536546536827039,3.0042022655672795,0.0
23.0,30.403571196342018,7.2,0.0,15.8,7.403571196342018,0.0,16.50162802554493,0.0
22.0,28.798772408519937,10.4,0.0,11.6,6.7987724085199375,0.0,19.119439308856208,0.0
40.0,34.47475324136496,17.2,0.0,22.8,0.0,5.525246758635042,3.4535942121065446,0.0
52.0,42.1115920526988,9.6,0.0,42.4,0.0,9.888407947301197,0.027370383934226084,0.0
29.0,36.151005151768594,4.0,0.0,25.0,7.151005151768594,0.0,17.21475795705203,0.0
30.0,33.0589026638906,6.4,0.0,23.6,3.058902663890599,0.0,13.33145425420851,0.0
42.0,42.238694774074865,6.4,0.0,35.6,0.23869477407486528,0.0,9.367023603262709,0.0
42.0,32.06905424897363,15.6,0.0,26.4,0.0,9.930945751026371,0.0,0.39302498359447213
29.0,29.537104222384755,17.6,0.0,11.399999999999999,0.5371042223847553,0.0,7.919206715949294,0.0
32.0,39.89463995915614,12.4,0.0,19.6,7.894639959156137,0.0,18.515024356852663,0.0
36.0,34.01233274575895,18.0,0.0,18.0,0.0,1.9876672542410532,8.249084128274426,0.0
35.0,34.60732549134084,9.6,0.0,25.4,0.0,0.3926745086591623,8.981976010580986,0.0
41.0,37.72449329242144,18.4,0.0,22.6,0.0,3.2755067075785576,8.132534132860542,0.0
52.0,45.23835617990647,7.2,0.0,44.8,0.0,6.761643820093532,3.2226645339093807,0.0
36.0,35.5101144215597,13.6,0.0,22.4,0.0,0.4898855784403011,10.063882476470617,0.0
28.0,27.850667243721738,10.0,0.0,18.0,0.0,0.14933275627826248,7.51720704711682,0.0
31.0,35.26020742782515,10.0,0.0,21.0,4.260207427825151,0.0,12.593290243737407,0.0
41.0,38.92927650462528,13.6,0.0,27.4,0.0,2.070723495374722,8.269766401796062,0.0
43.0,34.63601170749165,38.0,0.0,5.0,0.0,5.0,1.8447442679890003,0.0
41.0,36.85166943897961,14.4,0.0,26.6,0.0,4.148330561020387,6.710610262653887,0.0
21.0,29.40675132019455,11.2,0.0,9.8,8.406751320194552,0.0,14.774239422826234,0.0
39.0,28.276387792211032,14.4,0.0,24.6,0.0,10.723612207788968,0.0,3.010742735467417
29.0,28.51540284880442,13.6,0.0,15.4,0.0,0.48459715119557956,6.185669825384586,0.0
32.0,38.173556067995094,5.6000000000000005,0.0,26.4,6.173556067995094,0.0,16.252819207542572,0.0
30.0,31.28650671168032,16.0,0.0,14.0,1.286506711680321,0.0,11.047378024308017,0.0
32.0,33.08924673091146,19.200000000000003,0.0,12.799999999999997,1.0892467309114622,0.0,9.7493588079409,0.0
23.0,32.051781785472734,16.0,0.0,7.0,9.051781785472734,0.0,17.378075052600046,0.0
31.0,32.66337098304481,25.200000000000003,0.0,5.799999999999997,1.663370983044807,0.0,9.486437504920026,0.0
38.0,33.57638666032448,10.8,0.0,27.2,0.0,4.423613339675519,3.841713518145248,0.0
33.0,33.10682644986962,18.8,0.0,14.2,0.10682644986962231,0.0,10.462795179408609,0.0
36.0,33.091299876322424,16.0,0.0,20.0,0.0,2.9087001236775762,5.258297624830135,0.0
44.0,37.29976954658455,11.2,0.0,32.8,0.0,6.70023045341545,2.472191894080325,0.0
45.0,36.06805993714977,9.2,0.0,35.8,0.0,8.93194006285023,0.5670972642408714,0.0
31.0,37.25458223592053,14.0,0.0,17.0,6.25458223592053,0.0,17.05322964719943,0.0
36.0,45.641221357033935,10.4,0.0,25.6,9.641221357033935,0.0,19.89145366958327,0.0
28.0,33.09327712248247,26.8,0.0,1.1999999999999993,5.093277122482469,0.0,14.611098013982527,0.0
52.0,41.22743881456722,15.6,0.0,36.4,0.0,10.772561185432778,0.9384240791260865,0.0
51.0,44.47119246733904,14.4,0.0,36.6,0.0,6.528807532660963,3.6265487721248704,0.0
42.0,36.18245911565124,9.2,0.0,32.8,0.0,5.817540884348759,2.2200892960550647,0.0
25.0,33.50190043409752,4.4,0.0,20.6,8.501900434097521,0.0,18.802046752152066,0.0
43.0,32.34525918569394,22.0,0.0,21.0,0.0,10.65474081430606,0.0,3.242161481182009
28.0,34.37374367734942,10.0,0.0,18.0,6.373743677349417,0.0,14.091659292036994,0.0
40.0,35.00426527340602,7.6,0.0,32.4,0.0,4.99573472659398,3.1216555445031062,0.0
34.0,34.5665969414034,10.8,0.0,23.2,0.5665969414033967,0.0,8.38051130718025,0.0
40.0,35.43281919697475,10.8,0.0,29.2,0.0,4.567180803025252,5.6104928665555605,0.0
30.0,34.95470239367941,19.6,0.0,10.399999999999999,4.954702393679412,0.0,14.540919091919953,0.0
27.0,28.16594022947285,18.0,0.0,9.0,1.1659402294728487,0.0,8.00430265952069,0.0
33.0,33.16761686807446,11.2,0.0,21.8,0.16761686807446097,0.0,9.280603133908826,0.0
33.0,37.94095133502907,6.800000000000001,0.0,26.2,4.9409513350290695,0.0,14.21606378416567,0.0
24.0,30.75811075549309,10.8,0.0,13.2,6.758110755493089,0.0,14.227127278597102,0.0
41.0,41.65662112870536,10.4,0.0,30.6,0.6566211287053605,0.0,13.21634045313239,0.0
40.0,35.995098657122554,7.6,0.0,32.4,0.0,4.004901342877446,7.476492315075625,0.0
16.0,29.807554988689937,9.6,0.0,6.4,13.807554988689937,0.0,21.920571768083605,0.0
22.0,31.36697751269711,11.6,0.0,10.4,9.366977512697112,0.0,18.311088655380928,0.0
22.0,31.176244657382608,11.6,0.0,10.4,9.176244657382611,0.0,18.46014438517667,0.0
34.0,31.83227263265156,19.200000000000003,0.0,14.799999999999997,0.0,2.1677273673484407,6.664173391110012,0.0
36.0,49.10124866126583,16.8,0.0,19.2,13.101248661265828,0.0,22.27238676538056,0.0
26.0,27.84597748790391,14.0,0.0,12.0,1.8459774879039088,0.0,9.547469023992619,0.0
42.0,34.48205451128018,19.200000000000003,0.0,22.799999999999997,0.0,7.517945488719818,1.8837624652950566,0.0
42.0,34.48296018668291,17.6,0.0,24.4,0.0,7.517039813317091,3.853714648001187,0.0
35.0,49.40916223717994,6.4,0.0,28.6,14.409162237179942,0.0,27.863409964173414,0.0
52.0,40.44643948544087,14.0,0.0,38.0,0.0,11.55356051455913,1.9845433947355886,0.0
39.0,48.51527086785935,14.0,0.0,25.0,9.51527086785935,0.0,20.96749925834873,0.0
43.0,36.87505799850438,16.8,0.0,26.2,0.0,6.124942001495619,4.059951264053829,0.0
52.0,45.24431673512945,23.6,0.0,28.4,0.0,6.755683264870548,3.904065214642948,0.0
31.0,30.422665426161473,16.400000000000002,0.0,14.599999999999998,0.0,0.5773345738385274,8.405454260658693,0.0
28.0,35.41402753370925,15.6,0.0,12.4,7.414027533709252,0.0,17.062781771632807,0.0
27.0,32.44825088802182,18.0,0.0,9.0,5.448250888021818,0.0,14.471100185721987,0.0
28.0,35.462421680858256,12.0,0.0,16.0,7.462421680858256,0.0,16.794261262439655,0.0
42.0,42.8690757974889,14.8,0.0,27.2,0.8690757974888967,0.0,10.980055807310649,0.0
47.0,40.232835950813296,38.8,0.0,8.200000000000003,0.0,6.767164049186704,3.3451610447839712,0.0
26.0,32.26162334717077,7.2,0.0,18.8,6.261623347170769,0.0,13.846160094913557,0.0
27.0,37.50765924535622,34.0,7.0,0.0,10.507659245356223,0.0,21.78665424364823,0.0
41.0,30.911234436473812,11.2,0.0,29.8,0.0,10.088765563526188,0.0,1.128252170824851
34.0,40.81448581675306,12.4,0.0,21.6,6.814485816753063,0.0,18.488478876713863,0.0
42.0,32.43939534824285,18.0,0.0,24.0,0.0,9.560604651757153,0.0,1.209056653195951
29.0,33.10075579827399,18.4,0.0,10.600000000000001,4.100755798273987,0.0,14.311550210018765,0.0
35.0,30.762423776813893,21.6,0.0,13.399999999999999,0.0,4.237576223186107,4.555992385835317,0.0
27.0,34.74569451504436,12.4,0.0,14.6,7.745694515044363,0.0,16.766140682897948,0.0
36.0,32.8722949834356,14.0,0.0,22.0,0.0,3.1277050165643985,6.4941277253200695,0.0
47.0,45.60793348459645,9.6,0.0,37.4,0.0,1.392066515403549,8.447860971641973,0.0
28.0,31.778956901758836,22.0,0.0,6.0,3.7789569017588356,0.0,11.768046054351174,0.0
34.0,26.1023505696452,20.0,0.0,14.0,0.0,7.8976494303548,0.23003130555729712,0.0
43.0,36.51338921526254,11.2,0.0,31.8,0.0,6.486610784737458,1.7732302504336275,0.0
33.0,32.81576427770423,10.0,0.0,23.0,0.0,0.18423572229576735,7.463992834269263,0.0
33.0,31.1871819876545,5.6000000000000005,0.0,27.4,0.0,1.8128180123454989,4.214540198757128,0.0
32.0,32.89495283026495,14.8,0.0,17.2,0.8949528302649483,0.0,10.62770396922231,0.0
29.0,30.27229939695663,12.8,0.0,16.2,1.2722993969566296,0.0,9.939893187162966,0.0
36.0,35.39311011647644,16.8,0.0,19.2,0.0,0.6068898835235572,9.28185180060379,0.0
46.0,41.406856838879705,12.8,0.0,33.2,0.0,4.593143161120295,3.8373667476048183,0.0
44.0,38.26146892096485,10.0,0.0,34.0,0.0,5.738531079035148,5.647061761649091,0.0
44.0,35.04427739843693,9.6,0.0,34.4,0.0,8.955722601563068,1.2949592625251682,0.0
38.0,31.66333847136201,2.8000000000000003,0.0,35.2,0.0,6.33666152863799,0.4573822565128651,0.0
28.0,30.67015435649231,13.6,0.0,14.4,2.6701543564923114,0.0,10.930328397722072,0.0
31.0,33.79826930206094,14.8,0.0,16.2,2.7982693020609375,0.0,11.51662658261941,0.0
43.0,39.55179208002166,16.0,0.0,27.0,0.0,3.448207919978337,9.424312445026636,0.0
18.0,29.35271080024249,10.4,0.0,7.6,11.352710800242491,0.0,19.40610843697155,0.0
38.0,35.59532788576115,12.8,0.0,25.2,0.0,2.404672114238849,7.321276410599992,0.0
24.0,28.372187332067583,10.0,0.0,14.0,4.372187332067583,0.0,11.027545493272022,0.0
48.0,39.52310621624551,16.400000000000002,0.0,31.599999999999998,0.0,8.476893783754491,1.7715811314040764,0.0
27.0,24.634937610204503,16.400000000000002,0.0,10.599999999999998,0.0,2.365062389795497,5.308699405982594,0.0
25.0,34.72948616788487,15.2,0.0,9.8,9.729486167884872,0.0,18.134409872814985,0.0
